timestamp,species,status,duration_s,error
2026-05-04 19:55:53,Acharia stimulea,success,20.7,
2026-05-04 19:56:13,Acrocercops obscurella,success,20.3,
2026-05-04 19:56:34,Acroceuthes metaxanthana,success,20.3,
2026-05-04 19:56:54,Acronicta americana,success,20.0,
2026-05-04 19:57:14,Addaea subtessellata,success,20.3,
2026-05-04 19:57:35,Adelpha eulalia,success,20.9,
2026-05-04 19:57:55,Adoneta spinuloides,success,20.3,
2026-05-04 19:58:20,Aglais io,success,24.5,
2026-05-04 19:58:50,Aglais urticae,success,30.9,
2026-05-04 19:59:11,Alcides metaurus,success,20.2,
2026-05-04 19:59:31,Amphithera heteroleuca,success,20.1,
2026-05-04 19:59:51,Anaplectoides prasina,success,20.6,
2026-05-04 20:00:12,Anartia fatima,success,20.2,
2026-05-04 20:00:33,Anartia jatrophae,success,21.2,
2026-05-04 20:00:53,Anavitrinella pampinaria,success,20.4,
2026-05-04 20:01:14,Ancyloxypha numitor,success,21.2,
2026-05-04 20:01:37,Anicla infecta,success,22.6,
2026-05-04 20:02:00,Antheraea polyphemus,success,23.1,
2026-05-04 20:02:24,Anthocharis cardamines,success,24.4,
2026-05-04 20:02:46,Anthocharis julia,success,21.4,
2026-05-04 20:03:07,Anticarsia gemmatalis,success,21.5,
2026-05-04 20:03:28,Anticlea vasiliata,success,20.2,
2026-05-04 20:03:48,Apamea cogitata,success,20.3,
2026-05-04 20:04:09,Apatura ilia,success,21.4,
2026-05-04 20:04:32,Aphantopus hyperantus,success,22.9,
2026-05-04 20:04:52,Argynnis cybele,success,20.2,
2026-05-04 20:05:13,Argynnis paphia,success,20.4,
2026-05-04 20:05:33,Argyrotaenia velutinana,success,20.5,
2026-05-04 20:05:55,Ascalapha odorata,success,21.4,
2026-05-04 20:06:16,Ascia monuste,success,21.0,
2026-05-04 20:06:38,Asterocampa celtis,success,22.4,
2026-05-04 20:06:59,Asterocampa clyton,success,20.5,
2026-05-04 20:07:19,Athyma perius,success,20.2,
2026-05-04 20:07:41,Autographa gamma,success,22.2,
2026-05-04 20:08:01,Automeris io,success,20.2,
2026-05-04 20:08:21,Barea nymphica,success,20.1,
2026-05-04 20:08:42,Battus belus,success,20.1,
2026-05-04 20:09:02,Bebearia cocalia,success,20.1,
2026-05-04 20:09:22,Bebearia orientis,success,20.2,
2026-05-04 20:09:42,Bebearia sophus,success,20.0,
2026-05-04 20:10:02,Bebearia tentyris,success,20.0,
2026-05-04 20:10:23,Belenois aurota,success,20.8,
2026-05-04 20:10:43,Bicyclus anynana,success,20.3,
2026-05-04 20:11:04,Brephidium exilis,success,21.2,
2026-05-04 20:11:25,Cacyreus marshalli,success,20.8,
2026-05-04 20:11:45,Callophrys gryneus,success,20.2,
2026-05-04 20:12:09,Callophrys rubi,success,23.9,
2026-05-04 20:12:29,Calluga costalis,success,20.0,
2026-05-04 20:12:49,Calycopis cecrops,success,20.2,
2026-05-04 20:13:10,Campaea perlata,success,20.9,
2026-05-04 20:13:30,Caria castalia,success,20.2,
2026-05-04 20:13:51,Caripeta divisata,success,20.4,
2026-05-04 20:14:11,Casbia rectaria,success,20.2,
2026-05-04 20:14:31,Catacroptera cloanthe,success,20.1,
2026-05-04 20:14:51,Catopsilia florella,success,20.5,
2026-05-04 20:15:11,Catoria camelaria,success,20.0,
2026-05-04 20:15:32,Cecropterus dorantes,success,20.2,
2026-05-04 20:15:56,Celastrina argiolus,success,24.0,
2026-05-04 20:16:17,Celastrina echo,success,21.1,
2026-05-04 20:16:38,Celastrina neglecta,success,21.1,
2026-05-04 20:16:58,Cercyonis pegala,success,20.4,
2026-05-04 20:17:18,Cethosia hypsea,success,20.2,
2026-05-04 20:17:39,Chlorochlamys chloroleucaria,success,20.3,
2026-05-04 20:17:59,Chloroclystis mniochroa,success,20.1,
2026-05-04 20:18:19,Chlosyne californica,success,20.3,
2026-05-04 20:18:39,Chlosyne hoffmanni,success,20.2,
2026-05-04 20:19:00,Chlosyne lacinia,success,20.9,
2026-05-04 20:19:20,Cirrochroa thais,success,20.3,
2026-05-04 20:19:40,Cisseps fulvicollis,success,20.1,
2026-05-04 20:20:01,Cladara limitaria,success,20.1,
2026-05-04 20:20:21,Cleora sabulata,success,20.0,
2026-05-04 20:20:41,Clepsis peritana,success,20.2,
2026-05-04 20:21:04,Coenonympha pamphilus,success,23.4,
2026-05-04 20:21:24,Coesyra hemiphragma,success,20.0,
2026-05-04 20:21:46,Colias eurytheme,success,21.8,
2026-05-04 20:22:08,Colias philodice,success,21.6,
2026-05-04 20:22:28,Costaconvexa centrostrigaria,success,20.7,
2026-05-04 20:22:49,Crambus agitatellus,success,20.2,
2026-05-04 20:23:09,Crasilogia gressitti,success,20.2,
2026-05-04 20:23:29,Creonpyge creon,success,19.9,
2026-05-04 20:23:50,Ctenucha virginica,success,21.1,
2026-05-04 20:24:10,Cutina distincta,success,20.1,
2026-05-04 20:24:30,Cymothoe hobarti,success,20.0,
2026-05-04 20:24:50,Danaus affinis,success,20.4,
2026-05-04 20:25:12,Danaus chrysippus,success,21.9,
2026-05-04 20:25:34,Danaus gilippus,success,21.4,
2026-05-04 20:25:54,Darapsa myron,success,20.3,
2026-05-04 20:26:15,Dione moneta,success,20.7,
2026-05-04 20:26:38,Dione vanillae,success,23.1,
2026-05-04 20:26:58,Doxocopa laurentia,success,20.4,
2026-05-04 20:27:19,Dryas iulia,success,21.4,
2026-05-04 20:27:41,Dryocampa rubicunda,success,21.2,
2026-05-04 20:28:01,Dysstroma citrata,success,20.3,
2026-05-04 20:28:22,Echinargus isola,success,20.5,
2026-05-04 20:28:43,Ecliptopera silaceata,success,21.1,
2026-05-04 20:29:03,Ectropis bispinaria,success,20.3,
2026-05-04 20:29:25,Ectropis crepuscularia,success,21.9,
2026-05-04 20:29:45,Elophila obliteralis,success,20.3,
2026-05-04 20:30:06,Emmelina monodactyla,success,21.1,
2026-05-04 20:30:27,Eogenes alcides,success,20.3,
2026-05-04 20:30:48,Epargyreus clarus,success,21.7,
2026-05-04 20:31:09,Epimecis hortaria,success,20.4,
2026-05-04 20:31:29,Epiphile adrasta,success,20.6,
2026-05-04 20:31:49,Epiphile epimenes,success,20.0,
2026-05-04 20:32:10,Epiphile hubneri,success,20.5,
2026-05-04 20:32:30,Epiphile orea,success,20.5,
2026-05-04 20:32:53,Epirrhoe alternata,success,22.6,
2026-05-04 20:33:13,Erebia cassioides,success,20.2,
2026-05-04 20:33:34,Erebia epipsodea,success,20.6,
2026-05-04 20:33:54,Eroessa chiliensis,success,20.0,
2026-05-04 20:34:14,Erynnis baptisiae,success,20.0,
2026-05-04 20:34:34,Erynnis funeralis,success,20.4,
2026-05-04 20:34:54,Erynnis horatius,success,19.8,
2026-05-04 20:35:14,Erynnis icelus,success,20.0,
2026-05-04 20:35:34,Erynnis pacuvius,success,20.2,
2026-05-04 20:35:56,Estigmene acrea,success,21.4,
2026-05-04 20:36:17,Euchaetes egle,success,21.2,
2026-05-04 20:36:37,Eucyclodes gavissima,success,20.1,
2026-05-04 20:36:57,Eunica tatila,success,20.5,
2026-05-04 20:37:17,Euphaedra eleus,success,19.9,
2026-05-04 20:37:37,Euphaedra janetta,success,20.2,
2026-05-04 20:37:57,Euphaedra neophron,success,19.9,
2026-05-04 20:38:17,Euphaedra themis,success,20.1,
2026-05-04 20:38:38,Euphydryas phaeton,success,20.6,
2026-05-04 20:38:59,Euphyes vestris,success,20.7,
2026-05-04 20:39:19,Euplexia benesimilis,success,20.3,
2026-05-04 20:39:41,Euptoieta claudia,success,22.2,
2026-05-04 20:40:02,Euptoieta hegesia,success,20.5,
2026-05-04 20:40:22,Eurema hecabe,success,20.7,
2026-05-04 20:40:43,Eurema lisa,success,20.2,
2026-05-04 20:41:04,Eurema nicippe,success,21.2,
2026-05-04 20:41:24,Eurybia molochina,success,20.2,
2026-05-04 20:41:44,Euthalia formosana,success,20.1,
2026-05-04 20:42:04,Euthalia patala,success,20.0,
2026-05-04 20:42:25,Eutrapela clemataria,success,20.9,
2026-05-04 20:42:45,Evenus regalis,success,20.0,
2026-05-04 20:43:07,Fabriciana adippe,success,21.5,
2026-05-04 20:43:27,Fishia illocata,success,20.0,
2026-05-04 20:43:47,Galgula partita,success,20.1,
2026-05-04 20:44:07,Geitoneura klugii,success,20.3,
2026-05-04 20:44:28,Glaucopsyche lygdamus,success,21.1,
2026-05-04 20:45:03,Gonepteryx rhamni,success,34.9,
2026-05-04 20:45:23,Graellsia isabellae,success,19.9,
2026-05-04 20:45:43,Gymnoscelis rufifasciata,success,20.4,
2026-05-04 20:46:03,Habrosyne scripta,success,20.0,
2026-05-04 20:46:25,Halysidota tessellaris,success,21.8,
2026-05-04 20:46:45,Hamadryas laodamia,success,20.1,
2026-05-04 20:47:06,Harrisina americana,success,20.7,
2026-05-04 20:47:27,Heliconius erato,success,20.9,
2026-05-04 20:47:47,Hemaris diffinis,success,20.6,
2026-05-04 20:48:08,Heraclides cresphontes,success,21.0,
2026-05-04 20:48:29,Heraclides rumiko,success,20.4,
2026-05-04 20:48:49,Hesperia dacotae,success,20.3,
2026-05-04 20:49:09,Hesperia ottoe,success,19.9,
2026-05-04 20:49:29,Heterogenea shurtleffi,success,20.3,
2026-05-04 20:49:50,Heteronympha merope,success,21.1,
2026-05-04 20:50:11,Heteronympha penelope,success,20.3,
2026-05-04 20:50:32,Hofmannophila pseudospretella,success,21.4,
2026-05-04 20:50:52,Horisme intestinata,success,20.3,
2026-05-04 20:51:12,Hydrelia inornata,success,20.1,
2026-05-04 20:51:35,Hylephila phyleus,success,22.2,
2026-05-04 20:51:55,Hypagyrtis unipunctata,success,20.3,
2026-05-04 20:52:15,Hypaurotis crysalus,success,20.1,
2026-05-04 20:52:35,Hypena baltimoralis,success,20.1,
2026-05-04 20:52:57,Hypena scabra,success,21.4,
2026-05-04 20:53:17,Hypercompe scribonia,success,20.1,
2026-05-04 20:53:38,Hyphantria cunea,success,21.8,
2026-05-04 20:53:59,Hypolimnas bolina,success,20.7,
2026-05-04 20:54:19,Hypoprepia fucosa,success,20.3,
2026-05-04 20:54:40,Hyppa contrasta,success,20.1,
2026-05-04 20:55:00,Icaricia lupini,success,20.1,
2026-05-04 20:55:20,Idia aemula,success,20.5,
2026-05-04 20:55:41,Iridopsis defectaria,success,21.0,
2026-05-04 20:56:04,Junonia coenia,success,22.8,
2026-05-04 20:56:24,Junonia cymodoce,success,20.0,
2026-05-04 20:56:45,Junonia grisea,success,21.3,
2026-05-04 20:57:06,Junonia hierta,success,20.5,
2026-05-04 20:57:27,Junonia orithya,success,21.0,
2026-05-04 20:57:47,Junonia rhadama,success,20.1,
2026-05-04 20:58:07,Junonia villida,success,20.7,
2026-05-04 20:58:28,Lampides boeticus,success,20.2,
2026-05-04 20:58:50,Lasiommata megera,success,22.3,
2026-05-04 20:59:11,Leptotes marina,success,20.9,
2026-05-04 20:59:31,Lerema accius,success,20.2,
2026-05-04 20:59:51,Lethe anthedon,success,20.2,
2026-05-04 21:00:12,Lexias pardalis,success,20.3,
2026-05-04 21:00:33,Libytheana carinenta,success,21.4,
2026-05-04 21:00:54,Limenitis archippus,success,21.3,
2026-05-04 21:01:16,Limenitis arthemis,success,21.8,
2026-05-04 21:01:37,Limenitis weidemeyerii,success,20.5,
2026-05-04 21:01:57,Lithacodes fasciola,success,20.5,
2026-05-04 21:02:17,Lomographa glomeraria,success,20.1,
2026-05-04 21:02:37,Lon hobomok,success,20.0,
2026-05-04 21:02:58,Lon zabulon,success,21.4,
2026-05-04 21:03:19,Lophocampa caryae,success,20.1,
2026-05-04 21:03:39,Lophocampa maculata,success,20.4,
2026-05-04 21:04:00,Lycaena alciphron,success,20.6,
2026-05-04 21:04:20,Lycaena heteronea,success,20.1,
2026-05-04 21:04:44,Lycaena phlaeas,success,24.1,
2026-05-04 21:05:05,Lymantria dispar,success,21.6,
2026-05-04 21:05:26,Macaria pustularia,success,20.4,
2026-05-04 21:05:47,Malacosoma americana,success,20.9,
2026-05-04 21:06:07,Malacosoma disstria,success,20.3,
2026-05-04 21:06:27,Manataria hercyna,success,20.2,
2026-05-04 21:06:48,Manduca sexta,success,21.1,
2026-05-04 21:07:10,Maniola jurtina,success,21.7,
2026-05-04 21:07:30,Marpesia marcella,success,20.2,
2026-05-04 21:07:51,Marpesia petreus,success,21.1,
2026-05-04 21:08:12,Marpesia zerynthia,success,20.3,
2026-05-04 21:08:32,Mechanitis polymnia,success,20.4,
2026-05-04 21:08:53,Megisto cymela,success,21.0,
2026-05-04 21:09:15,Melanargia galathea,success,22.2,
2026-05-04 21:09:36,Melanitis leda,success,20.7,
2026-05-04 21:09:56,Melanolophia imitata,success,20.5,
2026-05-04 21:10:18,Melitaea phoebe,success,21.3,
2026-05-04 21:10:38,Mesosemia mevania,success,20.1,
2026-05-04 21:10:59,Microcrambus elegans,success,21.0,
2026-05-04 21:11:19,Minoa euthecta,success,20.1,
2026-05-04 21:11:39,Mniotype tenera,success,20.1,
2026-05-04 21:11:41,Morpho aurora,failed,2.0,Too few presence points (<10) — aborting.
2026-05-04 21:12:01,Morpho cisseis,success,20.0,
2026-05-04 21:12:21,Myscelia cyananthe,success,20.4,
2026-05-04 21:12:42,Myscelia cyaniris,success,20.1,
2026-05-04 21:13:02,Myscelia ethusa,success,20.3,
2026-05-04 21:13:22,Natada nasoni,success,20.1,
2026-05-04 21:13:42,Nathalis iole,success,20.5,
2026-05-04 21:14:03,Nematocampa resistaria,success,20.2,
2026-05-04 21:14:22,Neoalcis californiaria,success,19.8,
2026-05-04 21:14:44,Noctua pronuba,success,21.2,
2026-05-04 21:15:04,Nudaria mollis,success,20.4,
2026-05-04 21:15:25,Nymphalis antiopa,success,21.1,
2026-05-04 21:15:47,Ochlodes sylvanus,success,21.6,
2026-05-04 21:16:07,Ocybadistes walkeri,success,20.0,
2026-05-04 21:16:28,Odina hieroglyphica,success,20.7,
2026-05-04 21:16:49,Orgyia leucostigma,success,21.2,
2026-05-04 21:17:09,Ornithoptera goliath,success,20.4,
2026-05-04 21:17:29,Orthosia hibisci,success,20.3,
2026-05-04 21:17:49,Oxycanus beltista,success,20.1,
2026-05-04 21:18:10,Pachliopta aristolochia,success,20.1,
2026-05-04 21:18:30,Palpita magniferalis,success,20.4,
2026-05-04 21:18:50,Panacea regina,success,20.3,
2026-05-04 21:19:10,Panoquina ocola,success,20.1,
2026-05-04 21:19:31,Papilio demodocus,success,20.3,
2026-05-04 21:19:51,Papilio eurymedon,success,20.5,
2026-05-04 21:20:13,Papilio glaucus,success,21.8,
2026-05-04 21:20:33,Papilio maackii,success,20.2,
2026-05-04 21:20:54,Papilio multicaudata,success,20.9,
2026-05-04 21:21:14,Papilio palinurus,success,20.2,
2026-05-04 21:21:34,Papilio polytes,success,20.3,
2026-05-04 21:21:56,Papilio rutulus,success,21.2,
2026-05-04 21:22:16,Papilio thoas,success,20.5,
2026-05-04 21:22:37,Papilio troilus,success,20.7,
2026-05-04 21:22:58,Papilio zelicaon,success,21.0,
2026-05-04 21:23:18,Paraclemensia acerifoliella,success,20.3,
2026-05-04 21:23:38,Paradromulia ambigua,success,19.8,
2026-05-04 21:23:58,Parallelia bistriaris,success,20.2,
2026-05-04 21:24:23,Pararge aegeria,success,24.6,
2026-05-04 21:24:43,Parides sesostris,success,20.0,
2026-05-04 21:25:03,Parnassius smintheus,success,20.5,
2026-05-04 21:25:23,Parthenos aspila,success,19.9,
2026-05-04 21:25:44,Parthenos sylvia,success,20.3,
2026-05-04 21:26:04,Pasiphila rectangulata,success,20.2,
2026-05-04 21:26:26,Peribatodes rhomboidaria,success,22.3,
2026-05-04 21:26:46,Phocides batabano,success,20.2,
2026-05-04 21:27:06,Phocides lilea,success,20.2,
2026-05-04 21:27:27,Phocides pigmalion,success,20.2,
2026-05-04 21:27:47,Phocides polybius,success,20.3,
2026-05-04 21:28:07,Phocides urania,success,20.2,
2026-05-04 21:28:28,Phoebis agarithe,success,20.8,
2026-05-04 21:28:50,Phoebis sennae,success,21.5,
2026-05-04 21:29:10,Pholisora catullus,success,20.2,
2026-05-04 21:29:30,Pholodes sinistraria,success,20.1,
2026-05-04 21:29:50,Phosphila miselioides,success,20.4,
2026-05-04 21:30:11,Phragmatobia fuliginosa,success,20.4,
2026-05-04 21:30:31,Phrissogonus laticostata,success,20.1,
2026-05-04 21:30:51,Phyciodes cocyta,success,20.4,
2026-05-04 21:31:13,Phyciodes tharos,success,21.9,
2026-05-04 21:31:34,Pieris brassicae,success,21.5,
2026-05-04 21:31:56,Pieris napi,success,21.9,
2026-05-04 21:32:21,Pieris rapae,success,24.8,
2026-05-04 21:32:41,Platynota exasperatana,success,20.3,
2026-05-04 21:33:02,Plemyria georgii,success,20.0,
2026-05-04 21:33:22,Pleuroprucha insulsaria,success,20.6,
2026-05-04 21:33:44,Plutella xylostella,success,22.3,
2026-05-04 21:34:05,Polites peckius,success,20.8,
2026-05-04 21:34:07,Polygonia c-album,failed,2.2,FileNotFoundError: GeoJSON not found: occurrence-data/polygonia-c-album-gbif.geojson
2026-05-04 21:34:28,Polygonia comma,success,20.6,
2026-05-04 21:34:52,Polyommatus icarus,success,24.2,
2026-05-04 21:35:12,Polyura jalysus,success,20.2,
2026-05-04 21:35:34,Pontia protodice,success,21.3,
2026-05-04 21:35:48,Prepona deiphile,failed,14.6,Too few presence points within BioClim coverage (<10) — aborting.
2026-05-04 21:36:09,Prochoerodes lineola,success,20.2,
2026-05-04 21:36:29,Protoboarmia porcelaria,success,20.2,
2026-05-04 21:36:49,Pseudaletia unipuncta,success,20.6,
2026-05-04 21:37:10,Pseudeustrotia carneola,success,20.3,
2026-05-04 21:37:30,Pseudothyatira cymatophoroides,success,20.6,
2026-05-04 21:37:52,Pyronia tithonus,success,21.5,
2026-05-04 21:38:12,Rivula propinqualis,success,20.0,
2026-05-04 21:38:34,Saturnia pavonia,success,22.3,
2026-05-04 21:38:54,Satyrium calanus,success,20.0,
2026-05-04 21:39:14,Sauris malaca,success,20.0,
2026-05-04 21:39:34,Scaphidriotis xylogramma,success,20.3,
2026-05-04 21:39:55,Scoparia biplagialis,success,20.4,
2026-05-04 21:40:15,Scopula limboundata,success,20.3,
2026-05-04 21:40:35,Scopula optivata,success,20.5,
2026-05-04 21:40:55,Scopula rubraria,success,20.1,
2026-05-04 21:41:16,Siproeta stelenes,success,20.8,
2026-05-04 21:41:37,Speiredonia spectans,success,20.2,
2026-05-04 21:41:57,Speyeria aphrodite,success,20.4,
2026-05-04 21:42:17,Speyeria callippe,success,20.3,
2026-05-04 21:42:39,Speyeria cybele,success,21.4,
2026-05-04 21:42:59,Spilosoma virginica,success,20.2,
2026-05-04 21:43:19,Spodoptera ornithogalli,success,20.0,
2026-05-04 21:43:40,Spoladea recurvalis,success,20.8,
2026-05-04 21:44:00,Stibochiona nicea,success,20.1,
2026-05-04 21:44:21,Strymon melinus,success,21.1,
2026-05-04 21:44:41,Symbrenthia niphanda,success,19.9,
2026-05-04 21:45:01,Symmachia rubina,success,20.0,
2026-05-04 21:45:03,Taenaris urania,failed,2.1,Too few presence points (<10) — aborting.
2026-05-04 21:45:23,Thisbe irenea,success,20.3,
2026-05-04 21:45:46,Thymelicus lineola,success,22.8,
2026-05-04 21:46:06,Tisiphone abeona,success,20.3,
2026-05-04 21:46:27,Traminda aventiaria,success,20.6,
2026-05-04 21:46:47,Trogonoptera brookiana,success,20.2,
2026-05-04 21:47:08,Udea rubigalis,success,21.2,
2026-05-04 21:47:29,Urbanus proteus,success,21.0,
2026-05-04 21:47:57,Vanessa atalanta,success,27.9,
2026-05-04 21:48:17,Vanessa gonerilla,success,20.1,
2026-05-04 21:48:38,Vanessa itea,success,20.5,
2026-05-04 21:48:59,Vanessa kershawi,success,20.9,
2026-05-04 21:49:19,Vanessa terpsichore,success,20.0,
2026-05-04 21:49:39,Vanicela xenadelpha,success,20.0,
2026-05-04 21:49:59,Venusia cambrica,success,20.0,
2026-05-04 21:50:01,Xestia c-nigrum,failed,2.1,FileNotFoundError: GeoJSON not found: occurrence-data/xestia-c-nigrum-gbif.geojson
2026-05-04 21:50:21,Zerynthia polyxena,success,20.7,
2026-05-04 21:50:42,Zizina otis,success,20.4,
2026-05-04 21:51:02,oreta rosea,success,20.2,
