species_name,common_name,status,category,extent,temporal_range,expected_obs,actual_obs,last_updated,taxonomic_rank,gbif_key,data_quality,color,notes,countries_observed,subregion,host_plants,host_plant_families,host_plant_status
Morpho,Morpho,ingested,lepidoptera,"[-147.66, -69.41, 35.16, 52.37]",2015-01-01 to 2025-12-31,0,8815,2026-01-31,GENUS,,100,,,,,"Abuta selloana, Acacia longifolia, Arundo mitis, Bambusa, Bambusa trinii, Canella, Ceratonia, Chusquea, Chusquea meyeriana, Clusia, Cupania vernalis, Dalbergia, Erythroxylum pelleterianum, Erythroxylum pulchrum, Eugenia brasiliensis, Ficus gamelleira, Genipa americana, Inga, Inga bahiensis, Inga edulis, Inga semialata, Inga sessilis, Inga uraguensis, Lonchocarpus, Luehea, Machaerium, Machaerium aculeatum, Machaerium acutifolium, Machaerium cobanense, Machaerium oblongifolium, Machaerium salvadorense, Machaerium seemannii, Macrolobium bifolium, Matayba, Merostachys claussenii, Mucuna mutisiana, Mucuna urens, Myrocarpus, Nectandra, Paragonia, Paragonia pyramidata, Paullinia pinnata, Pithecellobium, Platymiscium, Pterocarpus, Pterocarpus rohrii, Scutia buxifolia, Sebastiania klotzschiana","Bignoniaceae, Canellaceae, Erythroxylaceae, Euphorbiaceae, Fabaceae, Hypericaceae, Lauraceae, Menispermaceae, Moraceae, Myrtaceae, Poaceae, Rhamnaceae, Rubiaceae, Sapindaceae, Tiliaceae",complete
Caligo,Owl Butterflies,ingested,lepidoptera,"[-147.66, -69.41, 4.91, 52.37]",2015-01-01 to 2025-12-30,2578,3986,2026-02-14,GENUS,1918071,154.6,,,"AQ,AR,AW,BO,BR,BZ,CO,CR,EC,GF,GT,HN,MX,NI,NL,PA,PE,PY,SR,SV,TT,US,VE",South America,"Calathea zebrina, Canna indica, Coffea, Echinochloa crus-galli, Euterpe edulis, Hedychium coronarium, Heliconia, Musa, Musa acuminata, Musa paradisiaca, Musa x paradisiaca, Palmeria, Pennisetum purpureum, Saccharum officinarum","Arecaceae, Cannaceae, Heliconiaceae, Marantaceae, Monimiaceae, Musaceae, Poaceae, Rubiaceae, Zingiberaceae",complete
Manataria hercyna,White-spotted Satyr,ingested,lepidoptera,"[-115.65, -30.05, -46.96, 31.37]",2015-01-14 to 2025-12-20,52,30,2026-02-14,SPECIES,1911933,57.7,,,"AR,BR,CO,EC,GT,MX,PA,PE,VE",South America,Bambusa,Poaceae,complete
Papilio thoas,King Swallowtail,ingested,lepidoptera,"[-109.45, -38.89, -34.83, 32.47]",2015-01-07 to 2023-12-31,0,2990,2026-02-14,SPECIES,1937885,100,,,"AR,AW,BO,BR,BZ,CO,CR,EC,GF,GT,GY,HN,MX,NI,PA,PE,PY,SR,SV,TT,US,UY,VE",South America,"Citrus, Citrus aurantifolia, Citrus limon, Citrus limonia, Citrus reticulata, Citrus sinensis, Esenbeckia, Esenbeckia pumila, Monnieria trifolia, Piper, Piper aduncum, Piper belemense, Piper peltatum, Piper umbellatum, Ptelea, Ruta graveolens, Zanthoxylum, Zanthoxylum fagara, Zanthoxylum martinicense, Zanthoxylum rhoifolium","Piperaceae, Rutaceae",complete
Siproeta stelenes,Malachite,ingested,lepidoptera,"[-109.10, -32.37, 3.75, 56.56]",2018-01-01 to 2024-12-31,10694,5155,2026-02-14,SPECIES,4299213,48.2,,,"AR,BO,BR,BZ,CA,CO,CR,CU,DO,EC,FR,GF,GT,HN,HT,JM,KY,MX,NI,PA,PE,PR,PY,SR,SV,TT,US,UY,VE",South America,"Blechum, Blechum pyramidatum, Calliandra parvifolia, Calliandra tweediei, Justicia, Justicia candelariae, Justicia carthagenensis, Pithecellobium cochliocarpum, Plantago, Plantago major, Pseuderanthemum, Ruellia, Ruellia coccinea, Ruellia metallica, Salvia splendens, Strobilanthes","Acanthaceae, Fabaceae, Lamiaceae, Plantaginaceae",complete
Greta oto,Glasswing,ingested,lepidoptera,"[-85.47, 9.97, -84.09, 10.92]",2019-06-04 to 2020-08-27,58,30,2026-02-14,SPECIES,1895190,51.7,,,CR,Central America,"Cestrum, Cestrum aurantiacum, Cestrum diurnum, Cestrum microcalyx, Cestrum tomentosum",Solanaceae,complete
Dryas iulia,Julia Heliconian,ingested,lepidoptera,"[-108.91, -36.31, 105.36, 52.75]",2015-01-01 to 2024-12-31,15922,8324,2026-02-14,SPECIES,5128034,52.3,,,"AR,AW,BE,BO,BQ,BR,BS,BZ,CO,CR,CU,CW,DE,DM,DO,EC,GD,GF,GP,GT,GY,HN,HT,ID,JM,KY,LC,MQ,MX,MY,NI,NL,PA,PE,PR,PY,SG,SR,SV,TH,TT,US,UY,VC,VE,VG,VI",Caribbean,"Lantana camara, Passiflora, Passiflora X violaceae, Passiflora adenopoda, Passiflora alata, Passiflora auriculata, Passiflora biflora, Passiflora caerulea, Passiflora capsularis, Passiflora cerradensis, Passiflora coriacea, Passiflora costaricensis, Passiflora edulis, Passiflora glandulosa, Passiflora glaucescens, Passiflora ichthyura, Passiflora lancifolia, Passiflora lutea, Passiflora miersii, Passiflora morifolia, Passiflora organensis, Passiflora platyloba, Passiflora pohlii, Passiflora quadrangularis, Passiflora rhamnifolia, Passiflora rubra, Passiflora securiclata, Passiflora suberosa, Passiflora truncata, Passiflora tryphostemmatoides, Passiflora tuberosa, Passiflora vespertilio","Passifloraceae, Verbenaceae",complete
Catopsilia florella,African Migrant,ingested,lepidoptera,"[-85.35, -34.59, 59.54, 33.11]",2015-01-02 to 2025-12-31,7182,3636,2026-02-14,SPECIES,1919346,50.6,,,"AE,AO,BF,BJ,BW,CD,CF,CG,CI,CM,CR,CV,DZ,EG,ES,ET,GH,GM,GN,GW,IL,IQ,JO,KE,KM,LR,LS,MG,ML,MR,MU,MW,MZ,NG,OM,PS,QA,RE,RW,SA,SD,SN,SO,SS,ST,SY,SZ,TD,TG,TZ,UG,YE,YT,ZA,ZM,ZW",Sub-Saharan Africa,"Acacia, Cassia, Cassia absus, Cassia fistula, Cassia javanica, Cassia nodosa, Cassia occidentalis, Gossypium, Senna alata, Senna petersiana, Sesbania","Fabaceae, Malvaceae",complete
Belenois aurota,Pioneer White,ingested,lepidoptera,"[-16.73, -34.41, 145.08, 32.91]",2015-01-02 to 2021-12-31,12739,1361,2026-02-14,SPECIES,1919181,10.7,,,"AE,BJ,BW,DZ,ET,GM,IL,IN,IR,JO,KE,KW,LK,MW,MZ,NE,NG,OM,PG,PK,PS,RW,SA,SY,SZ,TZ,UG,ZA,ZM,ZW",Sub-Saharan Africa,"Boscia, Capparis, Maerua",Capparaceae,complete
Danaus chrysippus,Plain Tiger,ingested,lepidoptera,"[-147.66, -69.41, 175.54, 51.25]",2015-01-01 to 2022-04-29,40018,13503,2026-02-14,SPECIES,7642610,33.7,,,"AE,AL,AO,AQ,AU,BD,BF,BH,BJ,BT,BW,CD,CG,CI,CM,CN,CV,CX,DJ,DZ,EG,EH,ES,ET,FR,GA,GH,GM,GN,GR,GW,HK,ID,IL,IN,IQ,IR,IT,JO,JP,KE,KH,KM,KW,LA,LK,LR,LS,MA,ME,MG,ML,MM,MO,MR,MT,MU,MV,MW,MY,MZ,NC,NG,NL,NP,NZ,OM,PH,PK,PS,QA,RE,RW,SA,SD,SG,SH,SL,SN,SO,ST,SY,SZ,TD,TF,TH,TL,TN,TR,TW,TZ,UG,VN,YT,ZA,ZM,ZW",Sub-Saharan Africa,"Antirrhinum, Asclepias, Asclepias cancellata, Asclepias coarctata, Asclepias curassavica, Asclepias fulva, Asclepias kaessneri, Asclepias lineolata, Asclepias physocarpa, Asclepias reflexa, Asclepias scabrifolia, Asclepias semilunata, Asclepias stenophylla, Asclepias swynnertonii, Asclepias syriaca, Aspidoglossum, Aspidoglossum interruptum, Calotropis, Calotropis gigantea, Calotropis procera, Caralluma, Ceropegia, Cynanchum, Cynanchum abyssinicum, Cynanchum acutum, Cynanchum altiscandens, Cynanchum amplexicaule, Cynanchum carnosum, Cynanchum floribundum, Cynanchum sublanceolatum, Dyerophytum indicum, Euphorbia, Ficus laevis, Ficus racemosa, Gomphocarpus, Gomphocarpus fruticosus, Hibiscus, Huernia, Ipomoea, Ipomoea alba, Ipomoea bona-nox, Ischnostemma, Kanahia, Kanahia laniflora, Leichardtia, Leichardtia australis, Lepisanthes rubiginosa, Leptadenia, Leptadenia hastata, Marsdenia, Marsdenia leichhardtiana, Metaplexis, Metaplexis japonica, Oxystelma pulchellum, Pachycarpus, Pentarrhinum, Pentatropis, Pentatropis atropurpurea, Pentatropis quinquepartita, Pergularia, Pergularia daemia, Pergularia daemia ?, Periploca, Periploca linearifolia, Pleurostelma, Pleurostelma cernuum, Raphistemma, Rosa, Schizoglossum, Secamone, Secamone afzelii, Secamone parvifolia, Secamone platystigma, Stapelia, Stapelia gigantea, Stathmostelma, Stathmostelma gigantiflorum, Stathmostelma pedunculatum, Tylophora, Tylophora stenoloba, Tylophora sylvatica","Asclepiadaceae, Convolvulaceae, Euphorbiaceae, Malvaceae, Moraceae, Plantaginaceae, Plumbaginaceae, Rosaceae, Sapindaceae",complete
Bicyclus anynana,Squinting Bush Brown,ingested,lepidoptera,"[-0.70, -32.73, 85.36, 24.01]",2015-02-03 to 2021-12-31,1096,475,2026-02-14,SPECIES,9840414,43.3,,,"BI,BW,CD,GH,IN,KE,KM,MW,MZ,RW,SZ,TZ,UG,YE,ZA,ZM,ZW",Sub-Saharan Africa,Ehrharta erecta,Poaceae,complete
Papilio demodocus,Citrus Swallowtail,ingested,lepidoptera,"[-25.18, -34.68, 106.71, 47.60]",2015-01-01 to 2025-12-31,9249,5273,2026-02-14,SPECIES,1938125,57,,,"AO,BF,BI,BJ,BW,CD,CF,CG,CI,CM,CV,DE,ER,ET,GA,GH,GM,GN,GW,IN,KE,KM,LR,LS,MG,ML,MU,MW,MZ,NG,OM,RE,RW,SA,SD,SL,SN,SO,SS,ST,SZ,TD,TG,TZ,UG,VN,YT,ZA,ZM,ZW",Sub-Saharan Africa,"Acacia, Aegle marmelos, Athamanta, Calodendrum, Calodendrum capense, Citrus, Citrus aurantium, Clausena, Clausena anisata, Euphorbia hirta, Fagaropsis, Fagaropsis angolenses, Foeniculum, Glycosmis pentaphylla, Haplophyllum, Hippobromus, Murraya, Pituranthos, Poncirus, Pseudospondias, Pseudospondias microcarpa, Psoralea, Ptaeroxylon, Ruta, Teclea, Teclea natalensis, Teclea nobilis, Teclea swynnertonii, Toddalia, Toddalia asiatica, Vepris, Zanthoxylum, Ziziphus mauritiana","Anacardiaceae, Apiaceae, Euphorbiaceae, Fabaceae, Ptaeroxylaceae, Rhamnaceae, Rutaceae, Sapindaceae",complete
Junonia hierta,Yellow Pansy,ingested,lepidoptera,"[-16.71, -34.50, 110.33, 33.12]",2015-01-02 to 2020-12-31,8416,2649,2026-02-14,SPECIES,5130542,31.5,,,"AO,BD,BJ,BT,BW,CD,CI,CM,CN,EG,ET,GH,GM,IN,KE,KH,LA,LK,LS,MG,ML,MM,MW,MZ,NG,OM,RW,SD,SN,SZ,TH,TZ,UG,VN,ZA,ZM,ZW",Sub-Saharan Africa,"Asystasia, Asystasia gangetica, Barleria, Barleria cristata, Barleria pungens, Barleria stuhlmannii ?, Chaetacanthus setiger, Eremomastax, Hygrophila, Hygrophila costata, Justicia, Justicia densiflora, Nelsonia canescens, Ruellia, Ruellia cordata",Acanthaceae,complete
Cacyreus marshalli,Geranium Bronze,ingested,lepidoptera,"[-17.98, -34.62, 55.45, 53.15]",2020-01-01 to 2025-12-31,31157,8895,2026-02-14,SPECIES,1932752,28.5,,,"AD,AE,AL,AT,BE,BW,CH,DE,DZ,EG,ES,ET,FR,GI,GM,GR,HR,IL,IT,KE,MA,MC,ME,MT,MW,NL,PS,PT,RE,RS,SI,SM,TN,TR,ZA,ZM,ZW",Southern Europe,"Geranium, Pelargonium",Geraniaceae,complete
Melanitis leda,Common Evening Brown,ingested,lepidoptera,"[-179.78, -34.53, 178.47, 52.36]",2015-01-01 to 2025-12-31,15895,8111,2026-02-14,SPECIES,1895956,51,,,"AO,AU,BD,BI,BJ,BT,BW,CD,CK,CM,CN,CV,FJ,GH,GM,GN,GU,HK,ID,IE,IN,JP,KE,KH,LA,LK,MG,ML,MM,MO,MP,MU,MV,MW,MY,MZ,NC,NG,NP,OM,PF,PG,PH,PK,RE,SC,SD,SG,ST,SZ,TH,TL,TO,TW,TZ,UG,VN,VU,YT,ZA,ZM,ZW",Sub-Saharan Africa,"Andropogon sorghum, Apluda mutica, Axonopus, Bambusa, Bambusa multiplex, Brachiaria mutica, Capillipedium parviflorum, Coix lacryma-jobi, Digitaria, Digitaria cruciata, Digitaria sanguinalis, Elaeis guineensis, Eleusine indica, Imperata, Imperata cylindrica, Microstegium ciliatum, Miscanthus japonicus, Miscanthus sinensis, Oryza, Oryza sativa, Panicum, Panicum maximum, Panicum repens, Paspalum, Pennisetum, Pennisetum americanum, Pennisetum purpureum, Poa pratensis, Saccharum, Saccharum officinarum, Saccharum robustum, Setaria chevalieri, Setaria cris-ardeae, Setaria palmifolia, Setaria viridis, Sorghum, Sorghum vulgare, Stenotaphrum, Thysanolaena maxima, Zea mays, Zizania latifolia","Arecaceae, Poaceae",complete
Danaus plexippus,Monarch,ingested,lepidoptera,"[-159.77, 0.00, 0.00, 53.41]",2024-01-01 to 2026-01-13,344967,291497,2026-01-31,SPECIES,,100,,Auto-added from existing GeoJSON file,,,"Apocynum androsaemifolium, Araujia sericifera, Araujia sericofera, Asclepias, Asclepias amplexicaulis, Asclepias asperula, Asclepias californica, Asclepias cancellata, Asclepias cordifolia, Asclepias curassavica, Asclepias curtissii, Asclepias eriocarpa, Asclepias erosa, Asclepias exaltata, Asclepias fascicularis, Asclepias hirtella, Asclepias humistrata, Asclepias incarnata, Asclepias lanceolata, Asclepias longifolia, Asclepias nivea, Asclepias obovata, Asclepias oenotheroides, Asclepias physocarpa, Asclepias purpurascens, Asclepias semilunata, Asclepias speciosa, Asclepias subulata, Asclepias subverticillata, Asclepias sullivantii, Asclepias syriaca, Asclepias tomentosa, Asclepias tuberosa, Asclepias variegata, Asclepias verticillata, Asclepias vestita, Asclepias viridiflora, Asclepias viridis, Calotropis gigantea, Calotropis procera, Citrus, Cynanchum angustifolium, Cynanchum laeve, Euphorbia, Euphorbia mauritanica, Gomphocarpus arborescens, Gomphocarpus fruticosus, Gomphocarpus grandiflorus, Gomphocarpus physocarpus, Gonolobus rostratus, Gossypium, Gossypium arboreum, Ipomoea, Manilkara grandiflora, Marsdenia, Matelea laevis, Matelea reticulata, Orbea variegata, Oxypetalum coeruleum, Oxypetalum umbellatum, Oxystelma pulchellum, Sarcostemma clausum, Stephanotis, Stephanotis floribunda","Apocynaceae, Asclepiadaceae, Convolvulaceae, Euphorbiaceae, Malvaceae, Rutaceae, Sapotaceae",complete
Euptoieta claudia,Variegated Fritillary,ingested,lepidoptera,"[-123.70, 15.70, -64.13, 54.47]",2015-01-01 to 2025-12-31,0,42649,2026-01-31,SPECIES,,100,,Auto-added from existing GeoJSON file,,,"Boerhavia, Boerhavia intermedia, Caragana arborescens, Cynanchum arizonicum, Cynoglossum, Desmodium paniculatum, Glycine max, Hybanthus, Hybanthus verticillatus, Ipomoea, Ipomoea batatas, Linum, Linum australe, Linum puberulum, Linum rigidum, Linum sulcatum, Linum usitatissimum, Melolobium, Menispermum, Metastelma, Passiflora, Passiflora caerulea, Passiflora foetida, Passiflora incarnata, Phaseolus vulgaris, Plantago, Podophyllum, Podophyllum peltatum, Portulaca, Portulaca oleracea, Sedum, Sedum lanceolatum, Sedum pulchellum, Sedum telephium, Trifolium rubrum, Triticum aestivum, Turnera ulmifolia, Vigna unguiculata, Viola, Viola bicolor, Viola cornuta, Viola odorata, Viola sagittata, Viola sororia, Viola tricolor, Zea mays","Asclepiadaceae, Berberidaceae, Boraginaceae, Convolvulaceae, Crassulaceae, Fabaceae, Linaceae, Menispermaceae, Nyctaginaceae, Passifloraceae, Plantaginaceae, Poaceae, Portulacaceae, Turneraceae, Violaceae",complete
Hesperia dacotae,Dakota Skipper,ingested,lepidoptera,"[-101.00, 46.89, -96.49, 50.80]",2015-07-01 to 2025-07-17,0,34,2026-01-31,SPECIES,,100,,Auto-added from existing GeoJSON file,,,"Aristida, Bouteloua curtipendula, Panicum, Poa pratensis, Schizachyrium scoparium, Stipa",Poaceae,complete
Hesperia ottoe,Ottoe Skipper,ingested,lepidoptera,"[-105.38, 35.81, -87.37, 47.63]",2015-07-13 to 2025-07-26,0,34,2026-01-31,SPECIES,,100,,Auto-added from existing GeoJSON file,,,"Andropogon gerardii, Bouteloua curtipendula, Bouteloua gracilis, Bouteloua hirsuta, Bromus, Carex geyeri, Digitaria cognata, Panicum wilcoxianum, Schizachyrium scoparium, Sporobolus neglectus","Cyperaceae, Poaceae",complete
Hypaurotis crysalus,Colorado Hairstreak,ingested,lepidoptera,"[-113.59, 17.34, -96.85, 41.31]",2015-05-29 to 2025-09-14,0,321,2026-01-31,SPECIES,,100,,Auto-added from existing GeoJSON file,,,Quercus gambelii,Fagaceae,complete
Junonia coenia,Common Buckeye,ingested,lepidoptera,"[-124.16, 15.87, -63.79, 50.71]",2015-01-01 to 2025-12-31,0,74300,2026-01-31,SPECIES,,100,,Auto-added from existing GeoJSON file,,,"Agalinis, Agalinis fasciculata, Agalinis homalantha, Agalinis maritima, Agalinis pinetorum, Agalinis purpurea, Agalinis strictifolia, Agalinis tenuifolia, Antirrhinum, Antirrhinum majus, Aucuba, Aureolaria grandiflora, Buchnera americana, Castilleja exserta, Castilleja lacera, Castilleja purpurea, Cymbalaria muralis, Diascia vigilis, Digitalis, Dyschoriste linearis, Kickxia spuria, Linaria, Linaria maroccana, Linaria vulgaris, Lippia, Maurandella antirrhiniflora, Mimulus, Mimulus guttatus?, Mimulus moschatus, Nuttallanthus canadensis, Penstemon azureus, Phyla lanceolata, Phyla nodiflora, Plantago, Plantago coronopus, Plantago erecta, Plantago helleri, Plantago lanceolata, Plantago major, Plantago rugelii, Plantago virginica, Ruellia nudiflora, Russelia equisetiformis, Seymeria cassioides, Seymeria pectinata, Striga asiatica, Verbena lasiostachys, Veronica americana, Veronica anagallis-aquatica","Acanthaceae, Aucubaceae, Plantaginaceae, Verbenaceae",complete
Panacea regina,Queen Flasher,ingested,lepidoptera,"[-78.66, -12.78, -67.81, 5.42]",2015-10-19 to 2025-11-28,0,25,2026-02-12,SPECIES,,100,,Auto-added from existing GeoJSON file,,,,,missing
Papilio polyxenes,Black Swallowtail,ingested,lepidoptera,"[-122.10, 15.17, -59.94, 53.44]",2015-01-01 to 2025-12-28,0,84695,2026-01-31,SPECIES,,100,,Auto-added from existing GeoJSON file,,,"Aegopodium, Anethum, Anethum graveolens, Angelica, Angelica ampla, Angelica atropurpurea, Angelica venenosa, Apium, Apium graveolens, Berula erecta, Brassica oleracea, Carum carvi, Cicuta, Cicuta bulbifera, Cicuta douglasii, Cicuta maculata, Conium, Conium maculatum, Cryptotaenia canadensis, Cymopterus panamintensis, Daucus, Daucus carota, Daucus dioica, Daucus pusillus, Dictamnus, Dictamnus albus, Eryngium cuneifolium, Foeniculum, Foeniculum vulgare, Harbouria trachypleura, Heracleum, Heracleum maximum, Levisticum officinale, Ligusticum, Ligusticum scoticum, Lomatium, Magnolia acuminata, Magnolia virginiana, Musineon tenuifolium, Osmorhiza claytonii, Osmorhiza longistylis, Oxypolis canbyi, Oxypolis filiformis, Pastinaca, Pastinaca sativa, Petroselinum, Petroselinum crispum, Ptilimnium capillaceum, Ruta graveolens, Sanicula odorata, Sium suave, Spananthe paniculata, Spermolepis divaricata, Taenidia, Taenidia integerrima, Tauschia arguta, Tauschia parishii, Thamnosma, Thamnosma montana, Thamnosma texana, Thaspium barbinode, Torilis, Zanthoxylum americanum, Zizia","Apiaceae, Brassicaceae, Magnoliaceae, Rutaceae",complete
Phoebis sennae,Cloudless Sulphur,ingested,lepidoptera,"[-121.84, 14.87, -69.96, 46.68]",2015-01-01 to 2025-12-30,0,30596,2026-01-31,SPECIES,,100,,Auto-added from existing GeoJSON file,,,"Casearia sylvestris, Cassia, Cassia alata, Cassia biflora, Cassia ferruginea, Cassia fistula, Cassia occidentalis, Chamaecrista chamaecristoides, Chamaecrista fasciculata, Chamaecrista nictitans, Crotalaria agatiflora, Phaseolus, Senna alata, Senna armata, Senna bicapsularis, Senna corymbosa, Senna covesii, Senna hirsuta, Senna marilandica, Senna obtusifolia, Senna occidentalis, Senna uniflora","Fabaceae, Flacourtiaceae",complete
Speyeria cybele,Great Spangled Fritillary,ingested,lepidoptera,"[-124.11, 29.68, -59.82, 56.71]",2015-01-01 to 2025-10-17,0,36994,2026-01-31,SPECIES,,100,,Auto-added from existing GeoJSON file,,,"Viola, Viola adunca, Viola canadensis, Viola palustris, Viola rotundifolia, Viola sororia",Violaceae,complete
Speyeria idalia,Regal Fritillary,ingested,lepidoptera,"[-110.73, 35.22, -75.61, 48.17]",2015-01-01 to 2025-09-18,0,879,2026-01-31,SPECIES,,100,,Auto-added from existing GeoJSON file,,,"Viola, Viola lanceolata, Viola pedata, Viola pedatifida, Viola sororia",Violaceae,complete
Vanessa atalanta,Red Admiral,ingested,lepidoptera,"[-156.35, 16.10, -52.63, 64.85]",2015-01-01 to 2025-12-31,0,91105,2026-01-31,SPECIES,,100,,Auto-added from existing GeoJSON file,,,"Boehmeria, Boehmeria cylindrica, Boehmeria nivea, Carduus, Cirsium, Helichrysum, Humulus, Humulus lupulus, Laportea canadensis, Parietaria, Parietaria floridana, Parietaria judaica, Parietaria officinalis, Parietaria pensylvanica, Pipturus albidus, Salix, Soleirolia soleirolii, Urtica, Urtica dioica, Urtica urens","Asteraceae, Cannabaceae, Salicaceae, Urticaceae",complete
Vanessa cardui,Painted Lady,ingested,lepidoptera,"[-159.79, 16.00, -52.63, 64.86]",2017-01-05 to 2026-01-12,0,55779,2026-01-31,SPECIES,,100,,Auto-added from existing GeoJSON file,,,"Achillea millefolium, Alcea rosea, Althaea, Althaea officinalis, Amsinckia, Amsinckia douglasiana, Anaphalis, Anaphalis margaritacea, Anchusa, Anchusa officinalis, Arctium, Arctium lappa, Arctium minus, Arctium tomentosum, Arctotis, Arctotis grandis, Arctotis stoechadifolia, Argemone mexicana, Argyrolobium, Artemisia, Artemisia frigida, Artemisia ludoviciana, Artemisia princeps, Artemisia stelleriana, Artemisia subdecurrens, Artemisia vulgaris, Berkheya, Berkheya discolor, Beta vulgaris, Blumea, Blumea alata, Boehmeria, Boehmeria nivea, Borago, Borago officinalis, Brassica rapa, Calendula officinalis, Carduus, Carduus acanthoides, Carduus crispus, Carduus nutans, Carduus pycnocephalus, Carlina vulgaris, Centaurea, Centaurea nigra, Centaurea solstitialis, Chenopodium album, Chrysanthemum, Cirsium, Cirsium acaule, Cirsium altissimum, Cirsium arvense, Cirsium callilepis, Cirsium discolor, Cirsium douglasii, Cirsium helenioides, Cirsium hydrophilum, Cirsium japonicum, Cirsium muticum, Cirsium neomexicanum, Cirsium occidentale, Cirsium scopulorum, Cirsium texanum, Cirsium undulatum, Cirsium vulgare, Citrus sinensis, Cnicus benedictus, Cryptantha, Cryptantha angustifolia, Cucumis melo, Cynara cardunculus, Cynara scolymus, Cynoglossum, Cynoglossum coeruleum ?, Cynoglossum lanceolatum ?, Debregeasia bicolor, Dendranthema indicum, Dimorphotheca, Dimorphotheca pluvialis, Dolichos, Echinops humilis, Echium, Echium vulgare, Eriodictyon californicum, Eryngium, Euchiton japonicus, Filago, Filago arvensis, Filago pyramidata, Fragaria, Gamochaeta pensylvanica, Gamochaeta purpurea, Gazania, Gerardiina, Girardinia, Girardinia diversifolia, Glycine, Glycine max, Gnaphalium, Gnaphalium affiro, Gnaphalium declinatum, Gnaphalium purpureum, Gossypium, Helianthella, Helianthus annuus, Helianthus argophyllus, Helichrysum, Ipomoea batatas, Lablab purpureus, Lactuca sativa, Lantana, Laportea, Laportea allidens, Lappula, Lupinus, Lupinus albifrons, Lupinus arboreus, Lupinus argenteus, Lupinus articus, Lupinus bicolor, Lupinus formosus, Lupinus perennis, Lupinus succulentus, Madia, Madia sativa, Malva, Malva moschata, Malva neglecta, Malva nicaeensis, Malva parviflora, Malva rotundifolia, Malva sylvestris, Malva verticillata, Malvella leprosa, Medicago sativa, Mentha, Mentha spicata, Myosotis, Nicotiana, Nicotiana glauca, Nonea, Obetia radula, Onopordum acanthium, Oryza sativa, Parietaria, Parthenium argentatum, Pentzia, Petunia, Phacelia campanularia, Phaseolus, Phaseolus vulgaris, Pisum sativum, Plantago lanceolata, Plantago major, Prunus, Raphanus sativus, Rhamnus, Ricinus, Ricinus communis, Rumex, Salvia, Senecio, Senecio cineraria, Senecio maritima, Serratula, Silybum marianum, Smilax china, Solanum tuberosum, Soleirolia, Sonchus, Sphaeralcea ambigua, Stachys floridana, Stoebe, Symphytum X uplandicum, Symphytum officinale, Tanacetum, Trifolium, Ulmus americana, Ulmus davidiana, Urtica, Urtica dioica, Urtica massaica, Urtica thunbergiana, Urtica urens, Wyethia glabra, Xanthium, Xanthium spinosum, Xanthium strumarium, Zea mays, Zornia diphylla","Amaranthaceae, Apiaceae, Asteraceae, Boraginaceae, Brassicaceae, Convolvulaceae, Cucurbitaceae, Euphorbiaceae, Fabaceae, Hydrophyllaceae, Lamiaceae, Malvaceae, Papaveraceae, Plantaginaceae, Poaceae, Polygonaceae, Rhamnaceae, Rosaceae, Rutaceae, Smilacaceae, Solanaceae, Ulmaceae, Urticaceae, Verbenaceae",complete
Phyciodes tharos,Pearl Crescent,ingested,lepidoptera,"[-160.99, 16.08, -52.69, 69.22]",2015-01-01 to 2025-12-25,99697,64322,2026-02-13,SPECIES,1918988,64.5,,,"CA,MX,US",Northern America,"Aster, Aster acuminatus, Aster ciliolatus, Aster drummondii, Aster dumosus, Aster ericoides, Aster laevis, Aster lanceolatus, Aster lateriflorus, Aster novae-angliae, Aster pilosus, Aster praealtus, Aster puniceus, Aster umbellatus, Cirsium, Plantago, Sericocarpus linifolius, Verbesina, Verbesina helianthoides","Asteraceae, Plantaginaceae",complete
Speyeria aphrodite,Aphrodite Fritillary,ingested,lepidoptera,"[-125.07, 33.94, -60.98, 60.03]",2015-01-01 to 2025-10-03,5215,4577,2026-01-31,SPECIES,1905301,87.8,,,"CA,US",Northern America,"Viola, Viola lanceolata, Viola nuttallii, Viola sagittata, Viola sororia, Viola tricolor, Viola x primulifolia",Violaceae,complete
Speyeria callippe,Callippe Fritillary,ingested,lepidoptera,"[-125.37, 32.61, -103.39, 52.58]",2015-03-14 to 2025-08-22,,2185,2026-02-13,SPECIES,,100,,,"CA,US",Northern America,"Artemisia, Viola, Viola beckwithii, Viola douglasii, Viola nuttallii, Viola pedunculata, Viola purpurea","Asteraceae, Violaceae",complete
Celastrina,Azure,ingested,lepidoptera,"[-148.30, -8.82, 145.50, 69.33]",2015-01-01 to 2025-12-11,,3109,2026-02-12,GENUS,,100,,,"BE,BT,CA,CN,CR,DE,DK,EE,ES,FR,GB,GT,HK,ID,IE,IN,IT,JE,JP,KR,LB,LK,ME,MX,MY,NL,NP,PA,PH,PK,PT,RS,RU,SE,TH,TL,TW,US,VN",Northern Europe,"Acer spicatum, Adenostoma fasciculatum, Aesculus californica, Aesculus turbinata, Agastache nepetoides, Amphicarpaea, Apios americana, Aquilegia canadensis, Aralia elata, Aralia hispida, Aralia nudicaulis, Aralia spinosa, Arctostaphylos, Aruncus dioicus, Bothrocaryum controversum, Buddleja davidii, Castanopsis cuspidata, Ceanothus, Ceanothus americanus, Ceanothus fendleri, Ceanothus herbaceus, Ceanothus integerrimus, Ceanothus leucodermis, Ceanothus palmeri, Chamaebatiaria millefolium, Cimicifuga racemosa, Collinsonia canadensis, Colutea arborescens, Cornus, Cornus acerifolium, Cornus alternifolia, Cornus amomum, Cornus florida, Cornus foemina, Cornus glabrata, Cornus racemosa, Cornus sericea, Crotalaria sagittalis, Cuscuta, Erythrina herbacea, Erythrina suberosa, Eupatorium perfoliatum, Eurya acuminata, Eurya strigillosa, Frangula alnus, Hamamelis virginiana, Hedera, Helianthus, Holodiscus, Holodiscus discolor, Holodiscus dumosus, Humulus lupulus, Ilex, Ilex glabra, Ilex laevigata, Ilex opaca, Ilex vomitoria, Jamesia americana, Ledum palustre, Lespedeza, Leucanthemum vulgare, Ligustrum, Lonicera sempervirens, Lonicera tatarica, Lotus dendroideus, Lotus scoparius, Lupinus argenteus, Lupinus chamissonis, Lupinus densiflorus, Malus pumila, Melilotus officinalis, Millettia reticulata, Peraphyllum ramosissimum, Petrophyton caespitosum, Phellodendron amurense, Photinia arbutifolia, Physocarpus monogynus, Prinsepia scandens, Prinsepia sinensis, Prunus americana, Prunus ilicifolia, Prunus serotina, Prunus virginiana, Pueraria montana, Pyracantha, Quercus, Quercus acutissima, Quercus aliena, Quercus cuspidata, Quercus pyrenaica, Quercus serrata, Rhamnus, Rhamnus cathartica, Rhododendron palustre, Rhus glabra, Rhus typhina, Ribes, Ribes nigrum, Ribes rubrum, Ribes uva-crispa, Robinia pseudoacacia, Rubus, Rubus cuneifolius, Rubus idaeus, Sambucus nigra, Sophora flavescens, Spiraea, Spiraea alba, Spiraea salicifolia, Ulex, Vaccinium, Vaccinium corymbosum, Verbesina alternifolia, Verbesina helianthoides, Verbesina virginica, Viburnum, Viburnum acerifolium, Viburnum dentatum, Viburnum lentago, Viburnum nudum, Viburnum prunifolium","Aceraceae, Anacardiaceae, Aquifoliaceae, Araliaceae, Asteraceae, Buddlejaceae, Cannabaceae, Caprifoliaceae, Convolvulaceae, Cornaceae, Ericaceae, Fabaceae, Fagaceae, Grossulariaceae, Hamamelidaceae, Hippocastanaceae, Hydrangeaceae, Lamiaceae, Oleaceae, Ranunculaceae, Rhamnaceae, Rosaceae, Rutaceae, Theaceae",complete
Cupido,Tailed-blue,ingested,lepidoptera,"[-123.37, -33.97, 177.47, 69.10]",2015-01-01 to 2025-12-31,,44988,2026-02-12,GENUS,,100,,,"AD,AL,AT,AU,BE,BG,CD,CG,CH,CM,CN,CZ,DE,DK,EE,ES,FI,FJ,FR,GA,GB,GE,GR,HK,HR,HU,ID,IE,IN,IR,IT,JP,KE,KG,KH,KZ,LI,LT,LU,LV,MA,ME,MG,MK,MN,MO,MW,NG,NL,NO,NP,PH,PL,PT,RO,RS,RU,RW,SE,SI,SK,SZ,TH,TR,TW,TZ,UA,UG,US,UZ,VN,XK,ZA,ZM,ZW",Sub-Saharan Africa,"Anthyllis vulneraria, Astragalus alpinus, Colutea arborescens, Lotus corniculatus, Oxytropis campestris",Fabaceae,complete
Calycopis cecrops,Red-banded Hairstreak,ingested,lepidoptera,"[-99.12, 0.97, -69.95, 42.76]",2015-03-04 to 2025-04-27,0,980,2026-01-31,SPECIES,1922851,100,,,"CO,HN,US",Northern America,"Croton, Croton linearis, Gossypium, Gossypium herbaceum, Mangifera indica, Myrica cerifera, Quercus chapmanii, Quercus hemisphaerica, Quercus myrtifolia, Rhus, Rhus aromatica, Rhus copallinum, Rhus typhina, Schinus","Anacardiaceae, Euphorbiaceae, Fagaceae, Malvaceae, Myricaceae",complete
Pholisora catullus,Common Sootywing,ingested,lepidoptera,"[-123.38, 19.04, -71.34, 50.68]",2015-01-01 to 2021-07-31,0,625,2026-01-31,SPECIES,1951217,100,,,"CA,MX,US",Northern America,"Amaranthus, Amaranthus albus, Amaranthus caudatus, Amaranthus hybridus, Amaranthus retroflexus, Amaranthus spinosus, Ambrosia, Atriplex rosea, Celosia cristata, Chenopodium, Chenopodium album, Chenopodium ambrosioides, Chenopodium berlandieri, Chenopodium foliosum, Saccharum officinarum","Amaranthaceae, Asteraceae, Poaceae",complete
Satyrium calanus,Banded Hairstreak,ingested,lepidoptera,"[-121.90, 28.49, -70.36, 45.82]",2025-04-12 to 2025-06-30,0,300,2026-01-31,SPECIES,5139029,100,,,US,Northern America,"Acer negundo, Carya, Carya glabra, Carya ovata, Castanea dentata, Fraxinus, Juglans, Juglans cinerea, Juglans microcarpa, Juglans nigra, Malus pumila, Prunus virginiana, Quercus, Quercus alba, Quercus coccinea/rubra, Quercus falcata, Quercus gambelii, Quercus incana, Quercus laevis, Quercus macrocarpa, Quercus prinus, Quercus rubra","Aceraceae, Fagaceae, Juglandaceae, Oleaceae, Rosaceae",complete
Callophrys gryneus,Juniper Hairstreak,ingested,lepidoptera,"[-125.05, 28.48, -70.12, 50.49]",2015-01-24 to 2020-05-31,0,459,2026-01-31,SPECIES,4300347,100,,,"CA,US",Northern America,"Betula, Calluna vulgaris, Ceanothus fendleri, Clerodendrum paniculatum, Colutea arborescens, Cornus, Cornutia grandifolia, Cytisus, Enkianthus japonicus, Eriogonum, Eriogonum compositum, Eriogonum corymbosum, Eriogonum elatum, Eriogonum fasciculatum, Eriogonum flavum, Eriogonum heermannii, Eriogonum heracleoides, Eriogonum incanum, Eriogonum jamesi, Eriogonum kennedyi, Eriogonum latifolium, Eriogonum marifolium, Eriogonum nudum, Eriogonum umbellatum, Eriogonum wrightii, Genista tinctoria, Helianthemum, Lantana camara, Lithraea brasiliensis, Lotus, Lotus argophyllus, Lotus corniculatus, Lotus crassifolius, Lotus oblongifolius, Lotus scoparius, Lotus strigosus, Mangifera indica, Mikania, Pieris japonica, Prunus padus, Rhamnus, Rhododendron, Rubus, Rubus idaeus, Schinus molle, Schinus polygamus, Trifolium medium, Ulex, Vaccinium myrtillus, Vaccinium uliginosum, Vicia cracca","Anacardiaceae, Asteraceae, Betulaceae, Cistaceae, Cornaceae, Ericaceae, Fabaceae, Polygonaceae, Rhamnaceae, Rosaceae, Verbenaceae",complete
Lycaena heteronea,Blue Copper,ingested,lepidoptera,"[-122.73, 38.92, -105.22, 49.46]",2024-07-12 to 2025-08-12,0,29,2026-01-31,SPECIES,5139346,100,,,"CA,US",Northern America,"Abutilon, Centaurea, Goniolimon speciosum, Oxyria digyna, Polygonum, Polygonum viviparum, Rheum rhabarbarum, Rumex, Rumex acetosa, Rumex acetosella, Rumex aquaticus, Rumex bequaertii, Rumex crispus, Rumex hydrolapathum, Rumex japonicus, Rumex longifolius, Rumex nepalensis, Rumex paucifolius","Asteraceae, Malvaceae, Plumbaginaceae, Polygonaceae",complete
Erynnis baptisiae,Wild Indigo Duskywing,ingested,lepidoptera,"[-97.48, 29.30, -69.24, 45.46]",2017-03-25 to 2022-07-30,0,892,2026-01-31,SPECIES,5977220,100,,,"CA,US",Northern America,"Astragalus canadensis, Baptisia, Baptisia alba, Baptisia australis, Baptisia bracteata, Baptisia tinctoria, Coronilla varia, Crotalaria sagittalis, Lupinus perennis, Thermopsis villosa",Fabaceae,complete
Polyura jalysus,Indian Yellow Nawab,ingested,lepidoptera,"[98.12, 1.41, 112.00, 20.63]",2015-06-10 to 2025-12-02,,142,2026-02-12,SPECIES,,100,,,"ID,KH,LA,MY,TH,VN",South-Eastern Asia,"Acacia, Acacia baileyana, Acacia caesia, Acacia catechu, Acacia dealbata, Acacia decurrens, Acacia farnesiana, Acacia fulva, Acacia longifolia, Acacia maidenii, Acacia mearnsii, Acacia neriifolia, Acacia pennata, Acacia podalyriafolia, Acacia saligna, Acacia sinuata, Acacia spectabilis, Adenanthera, Adenanthera bicolor, Adenanthera pavonina, Albizia, Albizia chinensis, Albizia corniculata, Albizia falcataria, Albizia julibrissin, Albizia lebbeck, Albizia lebbek, Albizia moluccana, Annona, Brachychiton acerifolius, Brachychiton discolor, Brachychiton populneum, Bridelia ovata, Bruguiera cylindrica, Caesalpinia, Caesalpinia bonduc, Caesalpinia ferrea, Caesalpinia gilliesii, Caesalpinia major, Caesalpinia mimosoides, Caesalpinia regia, Caesalpinia sappan, Cassia fistula, Cassia javanica, Cassia surattensis, Castanopsis, Celtis, Celtis boninensis, Celtis formosana, Celtis paniculata, Celtis philippensis, Celtis sinensis, Cinnamomum, Cinnamomum camphora, Cynometra, Cynometra cauliflora, Delonix regia, Grewia, Guilfoylia monostylis, Lagerstroemia indica, Leucaena leucocephala, Mesua ferrea, Millettia reticulata, Moullava spicata, Nephelium, Nephelium lappaceum, Pararchidendron pruinosum, Paraserianthes falcataria, Paraserianthes lophantha, Parkia speciosa, Peltophorum pterocarpum, Pithecellobium, Pithecellobium clypearia, Pithecellobium dulce, Pithecellobium jiringa, Pithecellobium lucidum, Prunus phaeosticta, Rhamnella franguloides, Rhamnella inaequilatera, Rhizophora apiculata, Rhizophora mucronata, Robinia pseudoacacia, Rosa, Rourea santaloides, Senna alata, Tectona grandis, Theobroma cacao, Trema orientalis, Ventilago leiocarpa","Annonaceae, Connaraceae, Euphorbiaceae, Fabaceae, Fagaceae, Hypericaceae, Lauraceae, Lythraceae, Rhamnaceae, Rhizophoraceae, Rosaceae, Sapindaceae, Sterculiaceae, Surianaceae, Tiliaceae, Ulmaceae, Verbenaceae",complete
Parthenos aspila,Parthenos aspila,ingested,lepidoptera,"[133.91, -5.22, 145.79, -1.11]",2015-04-03 to 2024-12-30,,40,2026-02-12,SPECIES,,100,,,"ID,PG",South-Eastern Asia,"Adenia, Adenia palmata, Adenia penangiana, Tinospora, Tinospora cordifolia","Menispermaceae, Passifloraceae",complete
Parthenos sylvia,Clipper,ingested,lepidoptera,"[-72.66, -15.71, 168.17, 52.20]",2015-01-21 to 2025-12-28,,1914,2026-02-12,SPECIES,,100,,,"BD,BN,CN,GB,ID,IN,KH,LA,LK,MM,MY,PG,PH,SB,SG,TH,US,VN,VU",South-Eastern Asia,"Adenia, Adenia palmata, Adenia penangiana, Tinospora, Tinospora cordifolia","Menispermaceae, Passifloraceae",complete
Lycaena alciphron,Purple-shot Copper,ingested,lepidoptera,"[-9.06, 31.15, 92.95, 59.43]",2015-01-01 to 2025-08-24,,12105,2026-02-12,SPECIES,,100,,,"AD,AL,AM,AT,AZ,BA,BG,BY,CH,CZ,DE,EE,ES,FR,GE,GR,HR,HU,IR,IT,KG,KZ,LT,LV,MA,ME,MK,PL,PT,RO,RS,RU,SI,SK,TR,UA,XK",Southern Europe,"Abutilon, Centaurea, Goniolimon speciosum, Oxyria digyna, Polygonum, Polygonum viviparum, Rheum rhabarbarum, Rumex, Rumex acetosa, Rumex acetosella, Rumex aquaticus, Rumex bequaertii, Rumex crispus, Rumex hydrolapathum, Rumex japonicus, Rumex longifolius, Rumex nepalensis, Rumex paucifolius","Asteraceae, Malvaceae, Plumbaginaceae, Polygonaceae",complete
Eucyclodes gavissima,Oriental Orange Banded Green Geometer Moth,ingested,lepidoptera,"[73.41, 3.25, 129.37, 37.98]",2015-07-26 to 2025-10-13,,79,2026-02-12,SPECIES,,100,,,"CN,ID,IN,KR,MM,MY,TH,VN",South-Eastern Asia,"Memecylon, Memecylon edule",Melastomataceae,complete
Hypolimnas bolina,Great Eggfly,ingested,lepidoptera,"[-180.00, -43.01, 180.00, 51.09]",2015-01-03 to 2025-12-31,,23878,2026-02-12,SPECIES,,100,,,"AS,AU,BD,BE,BN,BT,CC,CK,CN,CX,DE,FJ,FM,GU,HK,ID,IN,IO,IT,JP,KH,KR,LA,LK,MG,MH,MM,MO,MP,MV,MY,NC,NF,NP,NU,NZ,OM,PF,PG,PH,PK,PW,SB,SG,TH,TL,TO,TW,UG,VN,VU,WS",South-Eastern Asia,"Abutilon, Achyranthes aspera, Alternanthera, Alternanthera denticulata, Alternanthera philoxeroides, Alternanthera sessilis, Asystasia, Asystasia gangetica, Asystasia scandens, Blechum, Blechum pyramidatum, Commelina communis, Desmodium caudatum, Eclipta, Eclipta prostrata, Elatostema, Elatostema cuneatum, Eranthemum pacificum, Ficus, Ficus microcarpa, Ficus pumila, Ipomoea, Ipomoea aquatica, Ipomoea batatas, Ipomoea gracilis, Ipomoea hederacea, Ipomoea indica, Ipomoea pes-caprae, Ipomoea triloba, Justicia, Laportea, Laportea interrupta, Malvastrum coromandelianum, Merremia, Merremia hederacea, Perilla frutescens, Persicaria prostrata, Phaseolus, Pipturus, Pipturus argenteus, Polygonum, Portulaca, Portulaca oleracea, Pseuderanthemum, Pseuderanthemum bicolor, Pseuderanthemum mulleri-fernandi, Pseuderanthemum variabile, Richardia, Richardia brasiliensis, Ruellia, Ruellia aruensis, Ruellia guppyi, Sida, Sida acuta, Sida alnifolia, Sida fallax, Sida javensis, Sida rhombifolia, Synedrella, Synedrella nodiflora, Triumfetta rhomboidea, Urtica, Urtica dioica, Urtica urens, Vigna umbellata","Acanthaceae, Amaranthaceae, Asteraceae, Commelinaceae, Convolvulaceae, Fabaceae, Lamiaceae, Malvaceae, Moraceae, Polygonaceae, Portulacaceae, Rubiaceae, Tiliaceae, Urticaceae",complete
Apatura ilia,Lesser Purple Emperor,ingested,lepidoptera,"[-78.66, -12.78, -67.81, 5.42]",2015-10-19 to 2025-11-28,,33142,2026-02-12,SPECIES,,100,,,,,"Alnus, Populus, Populus alba, Populus italica, Populus nigra, Populus tremula, Salix, Salix X blanda, Salix alba, Salix babylonica, Salix caprea, Salix koriyanagi, Salix rosmarinifolia, Salix viminalis","Betulaceae, Salicaceae",complete
Eogenes alcides,Alcides Skipper,ingested,lepidoptera,"[-9.10, 23.75, 145.51, 64.21]",2015-01-01 to 2025-12-27,,34,2026-02-12,SPECIES,,100,,,"AD,AL,AM,AT,AX,BA,BE,BG,BY,CH,CN,CZ,DE,DK,EE,ES,FI,FR,GE,GR,HR,HU,IT,JP,KR,LT,LU,LV,ME,MK,NL,PL,PT,RO,RS,RU,SE,SI,SK,TR,UA,XK",Southern Europe,Phoenix dactylifera,Arecaceae,complete
Heliconius erato,Red Postman,ingested,lepidoptera,"[40.87, 35.86, 53.86, 41.28]",2015-06-14 to 2025-08-04,,6706,2026-02-12,SPECIES,,100,,,"AM,GE,IQ,IR,TR",Western Asia,"Dilkea, Passiflora, Passiflora X violaceae, Passiflora alata, Passiflora auriculata, Passiflora biflora, Passiflora caerulea, Passiflora candollei, Passiflora capsularis, Passiflora chelidonea, Passiflora coriacea, Passiflora cuspidifolia, Passiflora edulis, Passiflora glaucescens, Passiflora hahnii, Passiflora ichthyura, Passiflora jileki, Passiflora laurifolia, Passiflora miersii, Passiflora morifolia, Passiflora mucronata, Passiflora organensis, Passiflora ovalis, Passiflora pohlii, Passiflora punctata, Passiflora resticulata, Passiflora rhamnifolia, Passiflora rubra, Passiflora suberosa, Passiflora talamancensis, Passiflora truncata, Passiflora tryphostemmatoides, Passiflora tuberosa, Passiflora vespertilio",Passifloraceae,complete
Bebearia sophus,Sophus Forester,ingested,lepidoptera,"[-115.65, -32.37, 8.81, 56.56]",2015-01-03 to 2025-12-31,,32,2026-02-12,SPECIES,,100,,,,,"Chrysophyllum, Landolphia","Apocynaceae, Sapotaceae",complete
Dione moneta,Mexican Silverspot,ingested,lepidoptera,"[-160.17, -34.84, -34.80, 26.22]",2015-01-03 to 2025-12-31,,5841,2026-02-12,SPECIES,,100,,,"AR,BO,BR,BZ,CK,CO,CR,CW,EC,GF,GT,GY,HN,MX,NI,PA,PE,PY,SR,SV,TT,US,UY,VE",South America,"Passiflora, Passiflora X violaceae, Passiflora adenopoda, Passiflora capsularis, Passiflora edulis, Passiflora lobata, Passiflora morifolia",Passifloraceae,complete
Chlosyne hoffmanni,Hoffmann's Checkerspot,ingested,lepidoptera,"[-4.05, -2.76, 34.89, 8.94]",2015-09-02 to 2025-09-12,,861,2026-02-12,SPECIES,,100,,,"CD,CI,GA,GH,KE,NG,TG,UG",Sub-Saharan Africa,"Amaranthus, Amaranthus hybridus, Ambrosia artemisiifolia, Ambrosia trifida, Anisacanthus quadrifidus, Aphelandra scabra, Baltimora, Calyptocarpus vialis, Clibadium, Dicliptera brachiata, Dicliptera sexangularis, Eupatorium, Gaillardia pulchella, Grindelia microcephala, Helianthus, Helianthus annuus, Helianthus argophyllus, Helianthus ciliaris, Helianthus debilis, Helianthus maximiliani, Helianthus petiolaris, Helianthus tuberosus, Heterotheca subaxillaris, Justicia, Melanthera, Odontonema callistachyum, Palafoxia hookeriana, Palafoxia sphacelata, Parthenium hysterophorus, Pilea, Silphium, Silphium albiflorum, Silphium radula, Simsia calva, Siphonoglossa pilosella, Stenandrium barbatum, Verbesina encelioides, Verbesina virginica, Viguiera, Viguiera deltoidea, Viguiera dentata, Viguiera parishii, Wedelia acapulcensis, Wedelia glauca, Xanthium strumarium","Acanthaceae, Amaranthaceae, Asteraceae, Urticaceae",complete
Euphaedra janetta,Janetta Themis Forester,ingested,lepidoptera,"[-115.65, -34.83, -44.19, 38.86]",2015-01-01 to 2025-12-31,,46,2026-02-12,SPECIES,,100,,,"AR,BO,BR,CO,CR,EC,GT,HN,MX,NI,PA,PE,SV,US,VE",Central America,"Allophylus, Allophylus macrobotrys, Allophylus subcoriaceus, Blighia, Blighia sapida, Blighia unijugata, Blighia zambesiaca, Citrus, Cola, Deinbollia, Deinbollia borbonica, Deinbollia fulvotomentella, Deinbollia kilimandscharica, Deinbollia pinnata, Dennettia, Dennettia tripetala, Lecaniodiscus, Lecaniodiscus cupanioides, Pancovia, Pancovia pedicellaris, Paullinia, Paullinia pinnata, Phoenix reclinata, Rhus, Sorindeia, Sorindeia warneckei","Anacardiaceae, Annonaceae, Arecaceae, Rutaceae, Sapindaceae, Sterculiaceae",complete
Marpesia zerynthia,Waiter Daggerwing,ingested,lepidoptera,"[-123.48, 37.07, -118.99, 49.60]",2015-06-20 to 2025-08-12,,719,2026-02-12,SPECIES,,100,,,"CA,US",Northern America,"Anacardium, Anacardium occidentale, Artocarpus, Artocarpus heterophyllus, Artocarpus integrifolia, Brosimum, Brosimum alicastrum, Brosimum lactescens, Ficus, Ficus aurea, Ficus benjamina, Ficus carica, Ficus citrifolia, Ficus goldmanii, Ficus microcarpa, Ficus pertusa, Hedera helix, Maclura, Maclura excelsa, Maclura pomifera, Maclura tinctoria, Morus, Morus alba, Morus nigra, Zanthoxylum, Zanthoxylum fagara, Zanthoxylum rhoifolium","Anacardiaceae, Araliaceae, Moraceae, Rutaceae",complete
Marpesia marcella,Pansy Daggerwing,ingested,lepidoptera,"[-11.20, 4.10, 9.06, 8.18]",2016-02-04 to 2025-09-13,,376,2026-02-12,SPECIES,,100,,,"CI,CM,GH,GN,LR,SL",Sub-Saharan Africa,"Anacardium, Anacardium occidentale, Artocarpus, Artocarpus heterophyllus, Artocarpus integrifolia, Brosimum, Brosimum alicastrum, Brosimum lactescens, Ficus, Ficus aurea, Ficus benjamina, Ficus carica, Ficus citrifolia, Ficus goldmanii, Ficus microcarpa, Ficus pertusa, Hedera helix, Maclura, Maclura excelsa, Maclura pomifera, Maclura tinctoria, Morus, Morus alba, Morus nigra, Zanthoxylum, Zanthoxylum fagara, Zanthoxylum rhoifolium","Anacardiaceae, Araliaceae, Moraceae, Rutaceae",complete
Euphaedra neophron,Gold-baded Forester,ingested,lepidoptera,"[-99.00, -30.07, -41.05, 21.40]",2015-01-17 to 2025-12-26,,906,2026-02-12,SPECIES,,100,,,"BO,BR,CO,CR,EC,GT,HN,MX,NI,PA,PE,SV,VE",Central America,"Allophylus, Blighia, Deinbollia, Deinbollia borbonica, Deinbollia kilimandscharica, Paullinia",Sapindaceae,complete
Euthalia formosana,Euthalia formosana,ingested,lepidoptera,"[-91.80, -17.17, -65.76, 15.54]",2015-03-18 to 2025-11-22,,147,2026-02-12,SPECIES,,100,,,"BO,CO,CR,EC,GT,HN,NI,PA,PE,VE",Central America,"Lithocarpus hancei, Mallotus philippensis, Quercus, Quercus acuta, Quercus glauca","Euphorbiaceae, Fagaceae",complete
Papilio maackii,Alpine Black Swallowtail,ingested,lepidoptera,"[-13.18, -28.39, 40.51, 12.96]",2015-01-19 to 2025-12-30,,1061,2026-02-12,SPECIES,,100,,,"KE,MW,MZ,RW,SN,TZ,ZA,ZM,ZW",Sub-Saharan Africa,"Euodia meliaefolia, Orixa japonica, Phellodendron amurense, Zanthoxylum ailanthoides",Rutaceae,complete
Lexias pardalis,Common Archduke,ingested,lepidoptera,"[99.01, 25.74, 147.77, 53.27]",2015-01-01 to 2025-10-29,,3500,2026-02-12,SPECIES,,100,,,"CN,JP,KR,RU",Eastern Asia,"Achyronychia, Agathis robusta, Calophyllum, Cratoxylum maingayi, Garcinia lateriflora","Araucariaceae, Hypericaceae, Illecebraceae",complete
Alcides metaurus,Zodiac Moth,ingested,lepidoptera,"[131.70, -23.90, 151.26, -0.78]",2015-09-25 to 2025-12-28,,668,2026-02-12,SPECIES,,100,,,"AU,ID",Australia and New Zealand,"Endospermum, Omphalea",Euphorbiaceae,complete
Papilio palinurus,Emerald Peacock Swallowtail,ingested,lepidoptera,"[12.57, -6.56, 124.88, 55.69]",2015-11-27 to 2025-11-04,118,117,2026-02-13,SPECIES,1937966,99.2,,,"DK,ID,LK,MY,PH,TH",South-Eastern Asia,"Clausena excavata, Euodia, Micromelum minutum",Rutaceae,complete
Phocides pigmalion,Pigmalion Skipper,ingested,lepidoptera,"[131.70, -23.90, 151.26, -0.78]",2015-09-25 to 2025-12-28,,359,2026-02-12,SPECIES,,100,,,"AU,ID",Australia and New Zealand,Rhizophora mangle,Rhizophoraceae,complete
Erebia cassioides,Common Brassy Ringlet,ingested,lepidoptera,"[-5.96, 39.90, 23.52, 47.37]",2015-06-30 to 2025-09-11,,2734,2026-02-12,SPECIES,,100,,,"AD,AT,BG,CH,ES,FR,IT",Western Europe,"Agrostis canina, Aira, Aira praecox, Carex, Carex atratiformis, Carex atrofusca, Carex conica, Carex multifolia, Carex pisiformis, Carex rariflora, Carex reinii, Carex shimidzensis, Dactylis glomerata, Deschampsia cespitosa, Deschampsia setacea, Digitaria, Digitaria sanguinalis, Festuca, Festuca iberica, Festuca liniensis, Festuca ovina, Festuca ovina ?, Festuca rubra, Festuca sp. (rubra group), Holcus mollis, Juncus, Lolium, Lolium arundinaceum, Luzula, Luzula spicata, Milium, Milium effusum, Molinia caerulea, Nardus stricta, Poa, Poa alpina, Poa annua, Poa annua ?, Poa glauca, Poa kamtschatica ?, Poa pratensis, Poa secunda, Poa trivialis, Sesleria caerulea","Cyperaceae, Juncaceae, Poaceae",complete
Nymphalis antiopa,Mourning Cloak,ingested,lepidoptera,"[-109.12, -29.64, -34.83, 28.68]",2015-01-08 to 2025-12-27,,36098,2026-02-12,SPECIES,,100,,,"BO,BR,BZ,CO,CR,CU,EC,HN,MX,NI,PA,PE,SR,SV,TT,US",Central America,"Acer, Alnus, Alnus incana, Betula, Betula alleghaniensis, Betula dahurica, Betula ermanii, Betula nana, Betula papyrifera, Betula pendula, Betula platyphylla, Betula pubescens, Celtis, Celtis laevigata, Celtis occidentalis, Fraxinus americana, Humulus lupulus, Morus rubra, Onobrychis viciifolia, Ostrya virginiana, Populus, Populus X jackii, Populus alba, Populus balsamifera, Populus deltoides, Populus grandidentata, Populus maximowiczii, Populus nigra, Populus tremula, Populus tremuloides, Populus x canadensis, Pyrus communis, Rosa, Rubus, Rumex acetosella, Salix, Salix alba, Salix amygdaloides, Salix aurita, Salix babylonica, Salix bebbiana, Salix candida, Salix caprea, Salix cinerea, Salix discolor, Salix exigua, Salix integra, Salix jepsonii, Salix lucida, Salix lutea, Salix nigra, Salix pentandra, Salix phylicifolia, Salix sericea, Salix viminalis, Sorbus, Sparganium, Spiraea alba, Tilia americana, Ulmus, Ulmus americana, Ulmus parvifolia, Ulmus pumila, Ulmus rubra, Urtica","Aceraceae, Betulaceae, Cannabaceae, Corylaceae, Fabaceae, Moraceae, Oleaceae, Polygonaceae, Rosaceae, Salicaceae, Tiliaceae, Typhaceae, Ulmaceae, Urticaceae",complete
Catacroptera cloanthe,Pirate,ingested,lepidoptera,"[-5.96, 39.90, 23.52, 47.37]",2015-06-30 to 2025-09-11,,818,2026-02-12,SPECIES,,100,,,"AD,AT,BG,CH,ES,FR,IT",Western Europe,"Asystasia, Asystasia gangetica, Barleria, Barleria opaca, Barleria stuhlmannii, Gomphocarpus, Justicia, Justicia pulegioides, Phaulopsis, Phaulopsis falcisepala, Ruellia, Ruellia cordata, Ruellia itogoensis","Acanthaceae, Asclepiadaceae",complete
Fabriciana adippe,High Brown Fritillary,ingested,lepidoptera,"[-155.78, 11.01, 139.65, 69.24]",2015-01-01 to 2025-04-17,,31107,2026-02-12,SPECIES,,100,,,"AD,AL,AT,AX,BA,BE,BG,BT,BY,CA,CH,CN,CZ,DE,DK,EE,ES,FI,FR,GB,GE,GR,GT,HR,HU,IE,IT,JP,KZ,LI,LT,LU,LV,ME,MK,MN,MX,NL,NO,PL,PT,RO,RS,RU,SE,SI,SK,TR,UA,US,VE",Southern Europe,"Viola, Viola canina, Viola odorata, Viola sylvatica, Viola tricolor, Viola willkommii",Violaceae,complete
Papilio troilus,Spicebush Swallowtail,ingested,lepidoptera,"[-108.32, 25.29, -68.82, 45.42]",2015-01-01 to 2025-12-23,37266,37254,2026-02-13,SPECIES,1938104,100,,,"CA,US",Northern America,"Cercis canadensis, Cinnamomum camphora, Lindera, Lindera benzoin, Lindera melissifolia, Liriodendron tulipifera, Magnolia, Magnolia virginiana, Persea, Persea borbonia, Photinia arbutifolia, Prunus persica, Prunus serotina, Sassafras, Sassafras albidum, Syringa vulgaris, Zanthoxylum, Zanthoxylum americanum, Zanthoxylum clava-herculis","Fabaceae, Lauraceae, Magnoliaceae, Oleaceae, Rosaceae, Rutaceae",complete
Euphydryas phaeton,Baltimore Checkerspot,ingested,lepidoptera,"[-96.17, 34.78, -59.97, 49.96]",2015-01-01 to 2025-09-04,5637,5217,2026-02-21,SPECIES,1895138,92.5,,,"CA,US",Northern America,,,
Graellsia isabellae,Spanish Moon Moth,ingested,lepidoptera,"[-72.66, 37.78, 9.72, 50.51]",2015-05-03 to 2025-07-17,699,692,2026-02-21,SPECIES,5124512,99,,,"AD,CH,DE,ES,FR,US",Western Europe,,,
Odina hieroglyphica,Hieroglyphic Flat,ingested,lepidoptera,"[98.51, -4.96, 122.88, 10.03]",2015-06-04 to 2025-11-16,113,112,2026-02-21,SPECIES,5141643,99.1,,,"ID,MY,SG,TH",South-Eastern Asia,,,
Eurybia molochina,Eurybia molochina,complete,lepidoptera,"[-73.27, -28.49, -40.68, 1.24]",2015-03-04 to 2025-12-28,0,74,2026-03-08,SPECIES,5140654,100,,,"BR,CO,PE",South America,,,
Cymothoe hobarti,Hobart's Red Glider,complete,lepidoptera,"[16.63, -2.88, 34.94, 2.59]",2015-02-03 to 2024-10-29,18,18,2026-03-08,SPECIES,11447885,100,,,"CD,CG,KE,UG",Sub-Saharan Africa,,,
Taenaris urania,Taenaris urania,complete,lepidoptera,"[126.24, -3.17, 129.47, -2.75]",2016-11-20 to 2025-12-12,6,6,2026-03-07,SPECIES,1914890,100,,,ID,South-Eastern Asia,,,
Thisbe irenea,Irenia Metalmark,complete,lepidoptera,"[-96.31, -22.86, -42.87, 19.18]",2015-06-20 to 2025-12-31,230,228,2026-03-08,SPECIES,5140969,99.1,,,"BR,BZ,CO,CR,EC,GF,GT,HN,MX,PA,PE,SR,TT,VE",South America,,,
Adelpha eulalia,Arizona Sister,complete,lepidoptera,"[-124.50, 13.94, -87.07, 45.87]",2015-01-01 to 2025-12-21,13035,12812,2026-03-08,SPECIES,5714316,98.3,,,"GT,HN,MX,SV,US",Central America,,,
Prepona deiphile,Orange-spotted Prepona,complete,lepidoptera,"[-147.66, -69.41, -67.61, 20.25]",2015-11-19 to 2025-10-13,11,11,2026-03-08,SPECIES,1912077,100,,,"AQ,BO,CR,GT,MX,PE",Central America,,,
Danaus affinis,Malay Tiger,complete,lepidoptera,"[99.34, -33.89, 167.39, 13.43]",2015-01-10 to 2025-12-31,2253,2248,2026-03-08,SPECIES,6100725,99.8,,,"AU,ID,KH,MY,NC,PG,PW,SB,SG,TH,TL,VN",South-Eastern Asia,,,
Trogonoptera brookiana,Rajah Brooke's Birdwing,complete,lepidoptera,"[97.66, -2.79, 118.72, 6.21]",2015-02-17 to 2025-12-20,575,575,2026-03-08,SPECIES,1937514,100,,,"BN,ID,MY",South-Eastern Asia,,,
Euphaedra themis,Themis Forester,complete,lepidoptera,"[-1.34, 3.98, 9.26, 9.07]",2016-10-10 to 2025-04-27,23,23,2026-03-08,SPECIES,1896444,100,,,"CM,GH,NG,TG",Sub-Saharan Africa,,,
Junonia rhadama,Junonia rhadama,complete,lepidoptera,"[2.19, -25.04, 63.45, 46.64]",2015-02-20 to 2025-12-28,0,542,2026-03-08,SPECIES,5130487,100,,,"FR,KM,MG,MU,RE,TZ,YT",Sub-Saharan Africa,,,
Pachliopta aristolochia,Common Rose,complete,lepidoptera,"[92.63, 10.16, 107.43, 19.41]",2015-09-13 to 2025-04-30,13,13,2026-03-08,SPECIES,11833166,100,,,"IN,KH,MM,TH,VN",South-Eastern Asia,,,
Morpho cisseis,Cisseis Morpho,complete,lepidoptera,"[-77.78, -15.80, -50.27, 1.22]",2015-08-06 to 2025-10-07,17,17,2026-03-07,SPECIES,5133322,100,,,"BO,BR,CO,EC,PE",South America,,,
Zerynthia polyxena,Southern Festoon,complete,lepidoptera,"[-8.00, -20.04, 57.57, 56.59]",2015-01-01 to 2025-07-24,14056,13979,2026-03-08,SPECIES,5141262,99.5,,,"AL,AT,BA,BG,BY,CH,CY,CZ,DE,ES,FR,GR,HR,HU,IT,MD,ME,MK,MU,PT,RO,RS,RU,SI,SK,TR,UA,XK",Southern Europe,,,
Speiredonia spectans,Speiredonia spectans,complete,lepidoptera,"[130.74, -38.40, 167.45, -12.43]",2016-01-03 to 2025-12-31,1429,1408,2026-03-07,SPECIES,1797039,98.5,,,"AU,NC",Australia and New Zealand,,,
Marpesia petreus,Ruddy Daggerwing,complete,lepidoptera,"[-112.09, -34.89, 119.55, 33.37]",2015-01-04 to 2025-12-31,5976,5934,2026-03-08,SPECIES,5133621,99.3,,,"AR,BO,BQ,BR,BZ,CO,CR,DM,DO,EC,GF,GP,GT,HN,ID,KN,LC,MS,MX,NI,PA,PE,PR,PY,SR,SV,TT,US,UY,VE",South America,,,
Hamadryas laodamia,Starry Night Cracker,complete,lepidoptera,"[-96.64, -25.03, -35.17, 18.06]",2015-01-12 to 2025-12-27,1163,1157,2026-03-07,SPECIES,9255328,99.5,,,"BO,BR,BZ,CO,CR,EC,GF,GT,HN,MX,NI,PA,PE,PY,SR,TT,VE",South America,,,
Aglais urticae,Small Tortoiseshell,complete,lepidoptera,"[-128.59, -90.00, 172.47, 71.17]",2015-01-01 to 2025-08-09,957401,857686,2026-03-09,SPECIES,1894840,89.6,,,"AD,AL,AM,AQ,AT,AX,AZ,BA,BE,BG,BY,CA,CH,CN,CZ,DE,DK,EE,ES,FI,FR,GB,GE,GG,GR,HR,HU,IE,IM,IN,IQ,IR,IS,IT,JE,JP,KG,KZ,LB,LI,LT,LU,LV,MD,ME,MG,MK,MN,NL,NO,NZ,PL,PT,RO,RS,RU,SE,SI,SK,SM,SY,TJ,TR,UA,UZ,XK",Northern Europe,,,
Caria chrysame,Caria chrysame,complete,lepidoptera,"[-77.60, -15.81, -67.56, -0.62]",2018-12-26 to 2021-09-19,4,4,2026-03-07,SPECIES,5141065,100,,,"BO,EC",South America,,,
Melitaea phoebe,Knapweed Fritillary,complete,lepidoptera,"[-9.79, 29.79, 129.70, 62.04]",2015-01-01 to 2025-10-15,38720,36928,2026-03-07,SPECIES,7934873,95.4,,,"AD,AL,AM,AT,BA,BG,BY,CH,CN,DE,DK,DZ,EE,ES,FR,GE,GR,HR,HU,IL,IT,KG,KZ,LI,LT,LV,MA,MD,ME,MK,MN,PL,PS,PT,RO,RS,RU,SI,SK,SY,TR,UA,XK",Southern Europe,,,
Euptoieta hegesia,Mexican Fritillary,complete,lepidoptera,"[-112.19, -30.05, -34.80, 34.86]",2015-01-03 to 2025-12-31,7478,7340,2026-03-07,SPECIES,1894329,98.2,,,"AR,BO,BR,BS,BZ,CO,CR,CU,CW,DO,EC,GF,GT,GY,HN,HT,JM,KY,MX,NI,PA,PE,PR,PY,SV,TT,US,VE",South America,,,
Epiphile orea,Epiphile orea,complete,lepidoptera,"[-91.23, -29.68, -40.21, 14.59]",2015-02-05 to 2025-12-31,314,314,2026-03-07,SPECIES,1900134,100,,,"AR,BO,BR,CO,CR,EC,GT,HN,PA,PE,PY",South America,,,
Bebearia tentyris,Hewitson's Forester,complete,lepidoptera,"[-1.38, -1.77, 13.00, 7.95]",2015-04-05 to 2025-05-12,68,64,2026-03-08,SPECIES,9180243,94.1,,,"CM,GA,GH",Sub-Saharan Africa,,,
Callophrys rubi,Green Hairstreak,pending,lepidoptera,"[-10.47, 31.19, 149.09, 70.59]",2015-01-01 to 2025-09-24,173310,155009,2026-03-07,SPECIES,1932411,89.4,,,"AD,AL,AM,AT,AX,AZ,BA,BE,BG,BY,CH,CN,CZ,DE,DK,DZ,EE,ES,FI,FR,GB,GE,GG,GR,HR,HU,IE,IL,IQ,IR,IT,JE,KZ,LB,LI,LT,LU,LV,MA,ME,MK,MN,NL,NO,PL,PT,RO,RS,RU,SE,SI,SK,SY,TR,UA,XK",Southern Europe,,,
Gonepteryx rhamni,Common Brimstone,complete,lepidoptera,"[-61.64, 16.16, 94.11, 69.77]",2015-01-04 to 2025-12-31,1252287,1180105,2026-03-09,SPECIES,1920712,94.2,,,"AD,AL,AM,AT,AX,AZ,BA,BE,BG,BY,CH,CN,CZ,DE,DK,DZ,EE,EG,ES,FI,FR,GB,GE,GG,GP,GR,HR,HU,IE,IL,IM,IN,IR,IT,JE,KG,KZ,LB,LI,LT,LU,LV,MA,MC,ME,MK,NL,NO,PL,PT,RO,RS,RU,SE,SI,SK,SY,TR,UA,XK",Northern Europe,,,
Battus belus,Belus Swallowtail,complete,lepidoptera,"[-85.41, -15.63, -52.35, 10.99]",2017-07-13 to 2025-12-07,62,62,2026-03-07,SPECIES,5141329,100,,,"BR,CO,CR,EC,GF,GY,PA,PE,SR,VE",South America,,,
Symmachia rubina,Rubina Metalmark,complete,lepidoptera,"[-96.31, -12.87, 11.54, 48.17]",2015-07-14 to 2025-06-28,32,32,2026-03-07,SPECIES,5141042,100,,,"BZ,CO,CR,DE,MX,PA,PE",Central America,,,
Cethosia hypsea,Malay Lacewing,complete,lepidoptera,"[97.65, -8.80, 119.75, 11.07]",2015-04-13 to 2025-12-04,183,183,2026-03-07,SPECIES,1904764,100,,,"BN,ID,MM,MY,PH,SG,TH",South-Eastern Asia,,,
Saturnia pavonia,Small Emperor Moth,complete,lepidoptera,"[-10.47, 36.01, 117.93, 70.50]",2015-01-01 to 2025-12-13,24135,23429,2026-03-07,SPECIES,1867820,97.1,,,"AD,AM,AT,AX,BE,BG,BY,CH,CZ,DE,DK,EE,ES,FI,FR,GB,GE,GG,HU,IE,IM,IT,KZ,LI,LT,LU,LV,ME,MK,MN,NL,NO,PL,PT,RO,RS,RU,SE,SK,UA",Northern Europe,,,
Euthalia patala,Grand Duchess,complete,lepidoptera,"[76.33, 17.31, 101.52, 32.25]",2015-03-24 to 2025-08-17,72,72,2026-03-07,SPECIES,5130971,100,,,"IN,NP,TH",Southern Asia,,,
Chlosyne californica,California Patch,complete,lepidoptera,"[-118.45, 25.91, -108.17, 37.19]",2015-03-07 to 2025-12-28,1447,1424,2026-03-07,SPECIES,1914410,98.4,,,"MX,US",Northern America,,,
Ascalapha odorata,Black Witch Moth,complete,lepidoptera,"[-169.54, -38.85, 166.63, 52.71]",2015-01-01 to 2025-12-31,19415,19363,2026-03-07,SPECIES,1775796,99.7,,,"AG,AI,AR,AW,BB,BE,BM,BO,BQ,BR,BS,BZ,CA,CL,CO,CR,CU,CW,DM,DO,EC,GD,GF,GP,GT,GY,HN,HT,JM,KI,KN,KY,LC,MF,MQ,MS,MX,NI,PA,PE,PR,PY,SR,SV,SX,TC,TT,UM,US,UY,VC,VE,VG,VI",Caribbean,,,
Stibochiona nicea,Popinjay,complete,lepidoptera,"[77.14, -6.95, 121.82, 32.52]",2015-03-01 to 2025-12-14,619,619,2026-03-07,SPECIES,1895159,100,,,"BD,BT,CN,ID,IN,LA,MM,MY,NP,TH,VN",South-Eastern Asia,,,
Ornithoptera goliath,Goliath Birdwing,complete,lepidoptera,"[129.09, -4.15, 137.10, -0.97]",2016-07-29 to 2025-10-18,39,39,2026-03-07,SPECIES,1937442,100,,,ID,South-Eastern Asia,,,
Mechanitis polymnia,Orange-spotted Tiger Clearwing,complete,lepidoptera,"[-118.58, -27.30, -38.31, 37.33]",2015-01-04 to 2025-12-30,2093,2053,2026-03-07,SPECIES,1902479,98.1,,,"AR,BO,BR,BZ,CO,CR,EC,GF,GT,HN,MX,NI,PA,PE,SR,SV,TT,US,VE",South America,,,
Morpho aurora,Aurora Morpho,complete,lepidoptera,"[-71.53, -18.11, -63.60, -13.03]",2016-02-26 to 2025-10-09,7,7,2026-03-07,SPECIES,5133464,100,,,"BO,PE",South America,,,
Myscelia cyananthe,Blackened Bluewing,complete,lepidoptera,"[-112.49, 15.67, -89.79, 31.74]",2015-01-12 to 2025-12-31,809,797,2026-03-07,SPECIES,1901268,98.5,,,"MX,US",Central America,,,
Creonpyge creon,Creon Skipper,complete,lepidoptera,"[-85.31, 8.63, -80.03, 10.76]",2015-06-13 to 2025-09-27,33,33,2026-03-07,SPECIES,11425116,100,,,"CR,PA",Central America,,,
Myscelia ethusa,Mexican Bluewing,pending,lepidoptera,"[-107.42, 9.13, -79.72, 31.54]",2015-01-16 to 2025-12-31,2630,2469,2026-03-07,SPECIES,8247566,93.9,,,"BZ,CO,CR,GT,HN,MX,NI,PA,SV,US",Central America,,,
Junonia orithya,Blue Pansy,pending,lepidoptera,,,,,,,,,,,,,,,
Parnassius smintheus,Rocky Mountain Parnassian,pending,lepidoptera,,,,,,,,,,,,,,,
Lycaena phlaeas,,,,,,,,,,,,,,,,,,
Junonia orithya,,,,,,,,,,,,,,,,,,
Dione vanillae,,,,,,,,,,,,,,,,,,
Pieris rapae,,,,,,,,,,,,,,,,,,
Noctua pronuba,,,,,,,,,,,,,,,,,,
Heteronympha merope,,,,,,,,,,,,,,,,,,
Pyrrhactia isabella,,,,,,,,,,,,,,,,,,
Crasilogia gressitti,,,,,,,,,,,,,,,,,,
Hyphantria cunea,,,,,,,,,,,,,,,,,,
Atalopedes huron,,,,,,,,,,,,,,,,,,
Limenitis arthemis,,,,,,,,,,,,,,,,,,
Strymon melinus,,,,,,,,,,,,,,,,,,
Hylephila phyleus,,,,,,,,,,,,,,,,,,
Papilio glaucus,,,,,,,,,,,,,,,,,,
Vanessa kershawi,,,,,,,,,,,,,,,,,,
Anticlea vasiliata,,,,,,,,,,,,,,,,,,
Ectropis crepuscularia,,,,,,,,,,,,,,,,,,
Polyommatus icarus,,,,,,,,,,,,,,,,,,
Pasiphila rectangulata,,,,,,,,,,,,,,,,,,
Geitoneura klugii,,,,,,,,,,,,,,,,,,
Epargureus clarus,,,,,,,,,,,,,,,,,,
Apamea cogitata,,,,,,,,,,,,,,,,,,
Maniola jurtina,,,,,,,,,,,,,,,,,,
Pararge aegeria,,,,,,,,,,,,,,,,,,
Campaea perlata,,,,,,,,,,,,,,,,,,
Dysstroma citrata,,,,,,,,,,,,,,,,,,
Lerema accius,,,,,,,,,,,,,,,,,,
Anaplectoides prasina,,,,,,,,,,,,,,,,,,
Colias eurytheme,,,,,,,,,,,,,,,,,,
Danaus gilippus,,,,,,,,,,,,,,,,,,
Coelodasus unicornis,,,,,,,,,,,,,,,,,,
Hypena scabra,,,,,,,,,,,,,,,,,,
Microcrambus elegans,,,,,,,,,,,,,,,,,,
Limenitis archippus,,,,,,,,,,,,,,,,,,
Zizina otis,,,,,,,,,,,,,,,,,,
Orgyia leucostigma,,,,,,,,,,,,,,,,,,
Scaphidriotis xylogramma,,,,,,,,,,,,,,,,,,
Venusia cambrica,,,,,,,,,,,,,,,,,,
Paraclemensia acerifoliella,,,,,,,,,,,,,,,,,,
Halysidota tessellaris,,,,,,,,,,,,,,,,,,
Urbanus proteus,,,,,,,,,,,,,,,,,,
Paradromulia ambigua,,,,,,,,,,,,,,,,,,
Anartia jatrophae,,,,,,,,,,,,,,,,,,
Dryocampa rubicunda,,,,,,,,,,,,,,,,,,
Eurema nicippe,,,,,,,,,,,,,,,,,,
Addaea subtessellata,,,,,,,,,,,,,,,,,,
Ocybadistes walkeri,,,,,,,,,,,,,,,,,,
Plutella xylostella,,,,,,,,,,,,,,,,,,
Hypagyrtis unipunctata,,,,,,,,,,,,,,,,,,
Antheraea polyphemus,,,,,,,,,,,,,,,,,,
Catoria camelaria,,,,,,,,,,,,,,,,,,
Habrosyne scripta,,,,,,,,,,,,,,,,,,
Lon zabulon,,,,,,,,,,,,,,,,,,
Euphyes vestris,,,,,,,,,,,,,,,,,,
Anavitrinella pampinaria,,,,,,,,,,,,,,,,,,
Malacosoma americana,,,,,,,,,,,,,,,,,,
Traminda aventiaria,,,,,,,,,,,,,,,,,,
Nudaria mollis,,,,,,,,,,,,,,,,,,
Hydrelia inornata,,,,,,,,,,,,,,,,,,
Polygonia c-album,,,,,,,,,,,,,,,,,,
Ochlodes sylvanus,,,,,,,,,,,,,,,,,,
Melanolophia imitata,,,,,,,,,,,,,,,,,,
Orthosia hibisci,,,,,,,,,,,,,,,,,,
Sauris malaca,,,,,,,,,,,,,,,,,,
Chlorochlamys chloroleucaria,,,,,,,,,,,,,,,,,,
Euphaedra eleus,,,,,,,,,,,,,,,,,,
Chlosyne lacinia,,,,,,,,,,,,,,,,,,
Junonia cymodoce,,,,,,,,,,,,,,,,,,
Libytheana carinenta,,,,,,,,,,,,,,,,,,
Udea rubigalis,,,,,,,,,,,,,,,,,,
Estigmene acrea,,,,,,,,,,,,,,,,,,
Edrosis sarcitrella,,,,,,,,,,,,,,,,,,
Iridopsis defectaria,,,,,,,,,,,,,,,,,,
Papilio machaon,,,,,,,,,,,,,,,,,,
Thymelicus lineola,,,,,,,,,,,,,,,,,,
Pleuroprucha insulsaria,,,,,,,,,,,,,,,,,,
Pseudothyatira cymatophoroides,,,,,,,,,,,,,,,,,,
Ascia monuste,,,,,,,,,,,,,,,,,,
Nematocampa resistaria,,,,,,,,,,,,,,,,,,
Eurema lisa,,,,,,,,,,,,,,,,,,
Aglais io,,,,,,,,,,,,,,,,,,
Euphyaia intermediata,,,,,,,,,,,,,,,,,,
Coesyra hemiphragma,,,,,,,,,,,,,,,,,,
Lophocampa maculata,,,,,,,,,,,,,,,,,,
Asterocampa celtis,,,,,,,,,,,,,,,,,,
Cisseps fulvicollis,,,,,,,,,,,,,,,,,,
Amphithera heteroleuca,,,,,,,,,,,,,,,,,,
Lymantria dispar,,,,,,,,,,,,,,,,,,
Scopula limboundata,,,,,,,,,,,,,,,,,,
Xestia c-nigrum,,,,,,,,,,,,,,,,,,
Pieris napi,,,,,,,,,,,,,,,,,,
Protoboarmia porcelaria,,,,,,,,,,,,,,,,,,
Ctenucha virginica,,,,,,,,,,,,,,,,,,
Epirrhoe alternata,,,,,,,,,,,,,,,,,,
Ectropis bispinaria,,,,,,,,,,,,,,,,,,
Casbia rectaria,,,,,,,,,,,,,,,,,,
Ecliptopera silaceata,,,,,,,,,,,,,,,,,,
Eurema hecabe,,,,,,,,,,,,,,,,,,
Acrocercops obscurella,,,,,,,,,,,,,,,,,,
Spilosoma virginica,,,,,,,,,,,,,,,,,,
Horisme intestinata,,,,,,,,,,,,,,,,,,
Pieris brassicae,,,,,,,,,,,,,,,,,,
Macaria pustularia,,,,,,,,,,,,,,,,,,
Euclea dephinii,,,,,,,,,,,,,,,,,,
Automeris io,,,,,,,,,,,,,,,,,,
Deprena arcuata,,,,,,,,,,,,,,,,,,
Spargania manoliata,,,,,,,,,,,,,,,,,,
Spoladea recurvalis,,,,,,,,,,,,,,,,,,
Lophocampa caryae,,,,,,,,,,,,,,,,,,
Gonepteryx rhamni,,,,,,,,,,,,,,,,,,
Coenonympha pamphilus,,,,,,,,,,,,,,,,,,
Strumon istapa,,,,,,,,,,,,,,,,,,
Lambdina discellaria,,,,,,,,,,,,,,,,,,
Cladara limitaria,,,,,,,,,,,,,,,,,,
Colias crocea,,,,,,,,,,,,,,,,,,
Lasiommata megera,,,,,,,,,,,,,,,,,,
Malacosoma disstria,,,,,,,,,,,,,,,,,,
Attea aurea,,,,,,,,,,,,,,,,,,
Adoneta spinuloides,,,,,,,,,,,,,,,,,,
Neoalcis californiaria,,,,,,,,,,,,,,,,,,
Hypena baltimoralis,,,,,,,,,,,,,,,,,,
Lithacodes fasciola,,,,,,,,,,,,,,,,,,
Barea nymphica,,,,,,,,,,,,,,,,,,
Phrissogonus laticostata,,,,,,,,,,,,,,,,,,
Actias luna,,,,,,,,,,,,,,,,,,
Erynnis horatius,,,,,,,,,,,,,,,,,,
Darapsa myron,,,,,,,,,,,,,,,,,,
Spodoptera ornithogalli,,,,,,,,,,,,,,,,,,
Asterocampa clyton,,,,,,,,,,,,,,,,,,
Hypssoropha hormos,,,,,,,,,,,,,,,,,,
Pseudaletia unipuncta,,,,,,,,,,,,,,,,,,
Junonia villida,,,,,,,,,,,,,,,,,,
Heliconious charithonia,,,,,,,,,,,,,,,,,,
Emmelina monodactyla,,,,,,,,,,,,,,,,,,
Plemyria georgii,,,,,,,,,,,,,,,,,,
Chroristoneura rosaceana,,,,,,,,,,,,,,,,,,
Ancyloxypha numitor,,,,,,,,,,,,,,,,,,
Argynnis cybele,,,,,,,,,,,,,,,,,,
Ascalapha odorata,,,,,,,,,,,,,,,,,,
Panoquina ocola,,,,,,,,,,,,,,,,,,
Acharia stimulea,,,,,,,,,,,,,,,,,,
Lomographa glomeraria,,,,,,,,,,,,,,,,,,
Echinargus isola,,,,,,,,,,,,,,,,,,
Vanessa itea,,,,,,,,,,,,,,,,,,
Palpita magniferalis,,,,,,,,,,,,,,,,,,
Natada nasoni,,,,,,,,,,,,,,,,,,
Hemiagus ceraunus,,,,,,,,,,,,,,,,,,
Polites peckius,,,,,,,,,,,,,,,,,,
Calluga costalis,,,,,,,,,,,,,,,,,,
Agrtis ipsilon,,,,,,,,,,,,,,,,,,
Harrisina americana,,,,,,,,,,,,,,,,,,
Platynota exasperatana,,,,,,,,,,,,,,,,,,
Megisto cymela,,,,,,,,,,,,,,,,,,
Mniotype tenera,,,,,,,,,,,,,,,,,,
Polygonia comma,,,,,,,,,,,,,,,,,,
Epimecis hortaria,,,,,,,,,,,,,,,,,,
Argynnis paphia,,,,,,,,,,,,,,,,,,
Scopula rubraria,,,,,,,,,,,,,,,,,,
Tisiphone abeona,,,,,,,,,,,,,,,,,,
Minoa euthecta,,,,,,,,,,,,,,,,,,
Nathalis iole,,,,,,,,,,,,,,,,,,
Phoebis agarithe,,,,,,,,,,,,,,,,,,
Eucaetes egle,,,,,,,,,,,,,,,,,,
Acroceuthes metaxanthana,,,,,,,,,,,,,,,,,,
Vanicela xenaelpha,,,,,,,,,,,,,,,,,,
Chloroclystis mniochroa,,,,,,,,,,,,,,,,,,
Autgrapha gamma,,,,,,,,,,,,,,,,,,
Leptotes marina,,,,,,,,,,,,,,,,,,
Fishia illocata,,,,,,,,,,,,,,,,,,
Tympanota perophora,,,,,,,,,,,,,,,,,,
Phragmatobia fuliginosa,,,,,,,,,,,,,,,,,,
Hypercompe scribonia,,,,,,,,,,,,,,,,,,
Costaconvexa centrostrigria,,,,,,,,,,,,,,,,,,
Galgula partita,,,,,,,,,,,,,,,,,,
Papilio polytes,,,,,,,,,,,,,,,,,,
Prochoerodes lineola,,,,,,,,,,,,,,,,,,
Cutina distincta,,,,,,,,,,,,,,,,,,
Pontia protodice,,,,,,,,,,,,,,,,,,
Scoparia biplagialis,,,,,,,,,,,,,,,,,,
Elophila obliteralis,,,,,,,,,,,,,,,,,,
Hypoprepia fucosa,,,,,,,,,,,,,,,,,,
Euplexia benesimilis,,,,,,,,,,,,,,,,,,
Acronicta americana,,,,,,,,,,,,,,,,,,
Oxycanus beltista,,,,,,,,,,,,,,,,,,
Lon hobomok,,,,,,,,,,,,,,,,,,
oreta rosea,,,,,,,,,,,,,,,,,,
Paonia myops,,,,,,,,,,,,,,,,,,
Caripeta divisata,,,,,,,,,,,,,,,,,,
Anticarsia gemmatalis,,,,,,,,,,,,,,,,,,
Cercyonis pegala,,,,,,,,,,,,,,,,,,
Celastrina neglecta,,,,,,,,,,,,,,,,,,
Melanargia galathea,,,,,,,,,,,,,,,,,,
Heterogenea shurtleffi,,,,,,,,,,,,,,,,,,
Brephidium eilis,,,,,,,,,,,,,,,,,,
Pyronia tithonus,,,,,,,,,,,,,,,,,,
Argyrotaenia velutiana,,,,,,,,,,,,,,,,,,
Gymnoscelis rufifasciata,,,,,,,,,,,,,,,,,,
Mictoneruta flexanimana,,,,,,,,,,,,,,,,,,
Manduca sexta,,,,,,,,,,,,,,,,,,
Phosphila miselioides,,,,,,,,,,,,,,,,,,
Celastrina argiolus,,,,,,,,,,,,,,,,,,
Anicla infecta,,,,,,,,,,,,,,,,,,
Martania grandis,,,,,,,,,,,,,,,,,,
Eutrapela clematoria,,,,,,,,,,,,,,,,,,
Scopula optivata,,,,,,,,,,,,,,,,,,
Cecropterus dorantes,,,,,,,,,,,,,,,,,,
Cecropterus pylades,,,,,,,,,,,,,,,,,,
Pseudeustrotia carneola,,,,,,,,,,,,,,,,,,
Idia aemula,,,,,,,,,,,,,,,,,,
Clepsis peritana,,,,,,,,,,,,,,,,,,
Colias philodice,,,,,,,,,,,,,,,,,,
Aphantopus hyperantus,,,,,,,,,,,,,,,,,,
Heraclides cesphontes,,,,,,,,,,,,,,,,,,
Hyppa contrasta,,,,,,,,,,,,,,,,,,
Pholodes sinistratia,,,,,,,,,,,,,,,,,,
Anartia fatima,,,,,,,,,,,,,,,,,,
Glaucopsyche lygdamus,,,,,,,,,,,,,,,,,,
Phyciodes cocyta,,,,,,,,,,,,,,,,,,
Parallelia bistriaris,,,,,,,,,,,,,,,,,,
Lampides boeticus,,,,,,,,,,,,,,,,,,
Crambus agitatellus,,,,,,,,,,,,,,,,,,
Hofmannophila pseudospretella,,,,,,,,,,,,,,,,,,
Phlenora chionastis,,,,,,,,,,,,,,,,,,
Celastrina echo,,,,,,,,,,,,,,,,,,
Macroglossum stellatatum,,,,,,,,,,,,,,,,,,
Hemaris diffinis,,,,,,,,,,,,,,,,,,
Parapediasia teterrellus,,,,,,,,,,,,,,,,,,
Peribatodes rhomboidaria,,,,,,,,,,,,,,,,,,
Heteronympha penelope,,,,,,,,,,,,,,,,,,
Jononia grisea,,,,,,,,,,,,,,,,,,
Rivula propinqualis,,,,,,,,,,,,,,,,,,
Cleora sabulata,,,,,,,,,,,,,,,,,,
Heraclides rumiko,,,,,,,,,,,,,,,,,,
Lethe anthedon,,,,,,,,,,,,,,,,,,
